DRG Number,DRG Description,
1,Heart transplant or implant of heart assist system with MCC,   Heart transplant or implant of heart assist system with MCC
2,Heart transplant or implant of heart assist system without MCC,   Heart transplant or implant of heart assist system without MCC
3,"ECMO or tracheostomy with MV > hours or PDX except face, mouth and neck with major O.R. procedure","   ECMO or tracheostomy with MV > hours or PDX except face, mouth and neck with major O.R. procedure"
4,"Tracheostomy with MV > hours or PDX except face, mouth and neck without major O.R. procedure","   Tracheostomy with MV > hours or PDX except face, mouth and neck without major O.R. procedure"
5,Liver transplant with MCC or intestinal transplant,   Liver transplant with MCC or intestinal transplant
6,Liver transplant without MCC,   Liver transplant without MCC
7,Lung transplant,   Lung transplant
8,Simultaneous pancreas and kidney transplant,   Simultaneous pancreas and kidney transplant
9,Pancreas transplant,   Pancreas transplant
10,"Tracheostomy for face, mouth & neck diagnoses or laryngectomy with MCC","   Tracheostomy for face, mouth & neck diagnoses or laryngectomy with MCC"
11,"Tracheostomy for face, mouth & neck diagnoses or laryngectomy with CC","   Tracheostomy for face, mouth & neck diagnoses or laryngectomy with CC"
12,"Tracheostomy for face, mouth & neck diagnoses or laryngectomy without CC/MCC","   Tracheostomy for face, mouth & neck diagnoses or laryngectomy without CC/MCC"
13,Allogeneic bone marrow transplant,   Allogeneic bone marrow transplant
14,Autologous bone marrow transplant with CC/MCC or T-cell immunotherapy,   Autologous bone marrow transplant with CC/MCC or T-cell immunotherapy
15,Autologous bone marrow transplant without CC/MCC,   Autologous bone marrow transplant without CC/MCC
16,Intracranial vascular procedures with PDX hemorrhage with MCC,   Intracranial vascular procedures with PDX hemorrhage with MCC
17,Intracranial vascular procedures with PDX hemorrhage with CC,   Intracranial vascular procedures with PDX hemorrhage with CC
18,Intracranial vascular procedures with PDX hemorrhage without CC/MCC,   Intracranial vascular procedures with PDX hemorrhage without CC/MCC
19,Craniotomy with major device implant or acute complex CNS PDX with MCC or chemotherapy implant or epilepsy with neurostimulator,   Craniotomy with major device implant or acute complex CNS PDX with MCC or chemotherapy implant or epilepsy with neurostimulator
20,Craniotomy with major device implant or acute complex CNS PDX without MCC,   Craniotomy with major device implant or acute complex CNS PDX without MCC
21,Craniotomy and endovascular intracranial procedures with MCC,   Craniotomy and endovascular intracranial procedures with MCC
22,Craniotomy and endovascular intracranial procedures with CC,   Craniotomy and endovascular intracranial procedures with CC
23,Craniotomy and endovascular intracranial procedures without CC/MCC,   Craniotomy and endovascular intracranial procedures without CC/MCC
24,Spinal procedures with MCC,   Spinal procedures with MCC
25,Spinal procedures with CC or spinal neurostimulators,   Spinal procedures with CC or spinal neurostimulators
26,Spinal procedures without CC/MCC,   Spinal procedures without CC/MCC
27,Ventricular shunt procedures with MCC,   Ventricular shunt procedures with MCC
28,Ventricular shunt procedures with CC,   Ventricular shunt procedures with CC
29,Ventricular shunt procedures without CC/MCC,   Ventricular shunt procedures without CC/MCC
30,Carotid artery stent procedure with MCC,   Carotid artery stent procedure with MCC
31,Carotid artery stent procedure with CC,   Carotid artery stent procedure with CC
32,Carotid artery stent procedure without CC/MCC,   Carotid artery stent procedure without CC/MCC
33,Extracranial procedures with MCC,   Extracranial procedures with MCC
34,Extracranial procedures with CC,   Extracranial procedures with CC
35,Extracranial procedures without CC/MCC,   Extracranial procedures without CC/MCC
36,"Peripheral, cranial nerve and other nervous system procedures with MCC","   Peripheral, cranial nerve and other nervous system procedures with MCC"
37,"Peripheral, cranial nerve and other nervous system procedures with CC or peripheral neurostimulator","   Peripheral, cranial nerve and other nervous system procedures with CC or peripheral neurostimulator"
38,"Peripheral, cranial nerve and other nervous system procedures without CC/MCC","   Peripheral, cranial nerve and other nervous system procedures without CC/MCC"
39,Spinal disorders and injuries with CC/MCC,   Spinal disorders and injuries with CC/MCC
40,Spinal disorders and injuries without CC/MCC,   Spinal disorders and injuries without CC/MCC
41,Nervous system neoplasms with MCC,   Nervous system neoplasms with MCC
42,Nervous system neoplasms without MCC,   Nervous system neoplasms without MCC
43,Degenerative nervous system disorders with MCC,   Degenerative nervous system disorders with MCC
44,Degenerative nervous system disorders without MCC,   Degenerative nervous system disorders without MCC
45,Multiple sclerosis and cerebellar ataxia with MCC,   Multiple sclerosis and cerebellar ataxia with MCC
46,Multiple sclerosis and cerebellar ataxia with CC,   Multiple sclerosis and cerebellar ataxia with CC
47,Multiple sclerosis and cerebellar ataxia without CC/MCC,   Multiple sclerosis and cerebellar ataxia without CC/MCC
48,"Ischemic stroke, precerebral occlusion or transient ischemia with thrombolytic agent with MCC","   Ischemic stroke, precerebral occlusion or transient ischemia with thrombolytic agent with MCC"
49,"Ischemic stroke, precerebral occlusion or transient ischemia with thrombolytic agent with CC","   Ischemic stroke, precerebral occlusion or transient ischemia with thrombolytic agent with CC"
50,"Ischemic stroke, precerebral occlusion or transient ischemia with thrombolytic agent without CC/MCC","   Ischemic stroke, precerebral occlusion or transient ischemia with thrombolytic agent without CC/MCC"
51,Intracranial hemorrhage or cerebral infarction with MCC,   Intracranial hemorrhage or cerebral infarction with MCC
52,Intracranial hemorrhage or cerebral infarction with CC or tPA in hours,   Intracranial hemorrhage or cerebral infarction with CC or tPA in  hours
53,Intracranial hemorrhage or cerebral infarction without CC/MCC,   Intracranial hemorrhage or cerebral infarction without CC/MCC
54,Nonspecific CVA and precerebral occlusion without infarction with MCC,   Nonspecific CVA and precerebral occlusion without infarction with MCC
55,Nonspecific CVA and precerebral occlusion without infarction without MCC,   Nonspecific CVA and precerebral occlusion without infarction without MCC
56,Transient ischemia without thrombolytic,   Transient ischemia without thrombolytic
57,Nonspecific cerebrovascular disorders with MCC,   Nonspecific cerebrovascular disorders with MCC
58,Nonspecific cerebrovascular disorders with CC,   Nonspecific cerebrovascular disorders with CC
59,Nonspecific cerebrovascular disorders without CC/MCC,   Nonspecific cerebrovascular disorders without CC/MCC
60,Cranial and peripheral nerve disorders with MCC,   Cranial and peripheral nerve disorders with MCC
61,Cranial and peripheral nerve disorders without MCC,   Cranial and peripheral nerve disorders without MCC
62,Viral meningitis with CC/MCC,   Viral meningitis with CC/MCC
63,Viral meningitis without CC/MCC,   Viral meningitis without CC/MCC
64,Hypertensive encephalopathy with MCC,   Hypertensive encephalopathy with MCC
65,Hypertensive encephalopathy with CC,   Hypertensive encephalopathy with CC
66,Hypertensive encephalopathy without CC/MCC,   Hypertensive encephalopathy without CC/MCC
67,Nontraumatic stupor and coma with MCC,   Nontraumatic stupor and coma with MCC
68,Nontraumatic stupor and coma without MCC,   Nontraumatic stupor and coma without MCC
69,"Traumatic stupor and coma, coma > hour with MCC","   Traumatic stupor and coma, coma > hour with MCC"
70,"Traumatic stupor and coma, coma > hour with CC","   Traumatic stupor and coma, coma > hour with CC"
71,"Traumatic stupor and coma, coma > hour without CC/MCC","   Traumatic stupor and coma, coma > hour without CC/MCC"
72,"Traumatic stupor and coma, coma < hour with MCC","   Traumatic stupor and coma, coma < hour with MCC"
73,"Traumatic stupor and coma, coma < hour with CC","   Traumatic stupor and coma, coma < hour with CC"
74,"Traumatic stupor and coma, coma < hour without CC/MCC","   Traumatic stupor and coma, coma < hour without CC/MCC"
75,Concussion with MCC,   Concussion with MCC
76,Concussion with CC,   Concussion with CC
77,Concussion without CC/MCC,   Concussion without CC/MCC
78,Other disorders of nervous system with MCC,   Other disorders of nervous system with MCC
79,Other disorders of nervous system with CC,   Other disorders of nervous system with CC
80,Other disorders of nervous system without CC/MCC,   Other disorders of nervous system without CC/MCC
81,Bacterial and tuberculous infections of nervous system with MCC,   Bacterial and tuberculous infections of nervous system with MCC
82,Bacterial and tuberculous infections of nervous system with CC,   Bacterial and tuberculous infections of nervous system with CC
83,Bacterial and tuberculous infections of nervous system without CC/MCC,   Bacterial and tuberculous infections of nervous system without CC/MCC
84,Non-bacterial infection of nervous system except viral meningitis with MCC,   Non-bacterial infection of nervous system except viral meningitis with MCC
85,Non-bacterial infection of nervous system except viral meningitis with CC,   Non-bacterial infection of nervous system except viral meningitis with CC
86,Non-bacterial infection of nervous system except viral meningitis without CC/MCC,   Non-bacterial infection of nervous system except viral meningitis without CC/MCC
87,Seizures with MCC,   Seizures with MCC
88,Seizures without MCC,   Seizures without MCC
89,Headaches with MCC,   Headaches with MCC
90,Headaches without MCC,   Headaches without MCC
91,Orbital procedures with CC/MCC,   Orbital procedures with CC/MCC
92,Orbital procedures without CC/MCC,   Orbital procedures without CC/MCC
93,Extraocular procedures except orbit,   Extraocular procedures except orbit
94,Intraocular procedures with CC/MCC,   Intraocular procedures with CC/MCC
95,Intraocular procedures without CC/MCC,   Intraocular procedures without CC/MCC
96,Acute major eye infections with CC/MCC,   Acute major eye infections with CC/MCC
97,Acute major eye infections without CC/MCC,   Acute major eye infections without CC/MCC
98,Neurological eye disorders,   Neurological eye disorders
99,Other disorders of the eye with MCC,   Other disorders of the eye with MCC
100,Other disorders of the eye without MCC,   Other disorders of the eye without MCC
101,Major head and neck procedures with CC/MCC or major device,   Major head and neck procedures with CC/MCC or major device
102,Major head and neck procedures without CC/MCC,   Major head and neck procedures without CC/MCC
103,Cranial and facial procedures with CC/MCC,   Cranial and facial procedures with CC/MCC
104,Cranial and facial procedures without CC/MCC,   Cranial and facial procedures without CC/MCC
105,"Other ear, nose, mouth and throat O.R. procedures with CC/MCC","   Other ear, nose, mouth and throat O.R. procedures with CC/MCC"
106,"Other ear, nose, mouth and throat O.R. procedures without CC/MCC","   Other ear, nose, mouth and throat O.R. procedures without CC/MCC"
107,Sinus and mastoid procedures with CC/MCC,   Sinus and mastoid procedures with CC/MCC
108,Sinus and mastoid procedures without CC/MCC,   Sinus and mastoid procedures without CC/MCC
109,Mouth procedures with CC/MCC,   Mouth procedures with CC/MCC
110,Mouth procedures without CC/MCC,   Mouth procedures without CC/MCC
111,Salivary gland procedures,   Salivary gland procedures
112,"Ear, nose, mouth and throat malignancy with MCC","   Ear, nose, mouth and throat malignancy with MCC"
113,"Ear, nose, mouth and throat malignancy with CC","   Ear, nose, mouth and throat malignancy with CC"
114,"Ear, nose, mouth and throat malignancy without CC/MCC","   Ear, nose, mouth and throat malignancy without CC/MCC"
115,Dysequilibrium,   Dysequilibrium
116,Epistaxis with MCC,   Epistaxis with MCC
117,Epistaxis without MCC,   Epistaxis without MCC
118,Otitis media and URI with MCC,   Otitis media and URI with MCC
119,Otitis media and URI without MCC,   Otitis media and URI without MCC
120,"Other ear, nose, mouth and throat diagnoses with MCC","   Other ear, nose, mouth and throat diagnoses with MCC"
121,"Other ear, nose, mouth and throat diagnoses with CC","   Other ear, nose, mouth and throat diagnoses with CC"
122,"Other ear, nose, mouth and throat diagnoses without CC/MCC","   Other ear, nose, mouth and throat diagnoses without CC/MCC"
123,Dental and oral diseases with MCC,   Dental and oral diseases with MCC
124,Dental and oral diseases with CC,   Dental and oral diseases with CC
125,Dental and oral diseases without CC/MCC,   Dental and oral diseases without CC/MCC
126,Major chest procedures with MCC,   Major chest procedures with MCC
127,Major chest procedures with CC,   Major chest procedures with CC
128,Major chest procedures without CC/MCC,   Major chest procedures without CC/MCC
129,Other respiratory system O.R. procedures with MCC,   Other respiratory system O.R. procedures with MCC
130,Other respiratory system O.R. procedures with CC,   Other respiratory system O.R. procedures with CC
131,Other respiratory system O.R. procedures without CC/MCC,   Other respiratory system O.R. procedures without CC/MCC
132,Pulmonary embolism with MCC or acute cor pulmonale,   Pulmonary embolism with MCC or acute cor pulmonale
133,Pulmonary embolism without MCC,   Pulmonary embolism without MCC
134,Respiratory infections and inflammations with MCC,   Respiratory infections and inflammations with MCC
135,Respiratory infections and inflammations with CC,   Respiratory infections and inflammations with CC
136,Respiratory infections and inflammations without CC/MCC,   Respiratory infections and inflammations without CC/MCC
137,Respiratory neoplasms with MCC,   Respiratory neoplasms with MCC
138,Respiratory neoplasms with CC,   Respiratory neoplasms with CC
139,Respiratory neoplasms without CC/MCC,   Respiratory neoplasms without CC/MCC
140,Major chest trauma with MCC,   Major chest trauma with MCC
141,Major chest trauma with CC,   Major chest trauma with CC
142,Major chest trauma without CC/MCC,   Major chest trauma without CC/MCC
143,Pleural effusion with MCC,   Pleural effusion with MCC
144,Pleural effusion with CC,   Pleural effusion with CC
145,Pleural effusion without CC/MCC,   Pleural effusion without CC/MCC
146,Pulmonary edema and respiratory failure,   Pulmonary edema and respiratory failure
147,Chronic obstructive pulmonary disease with MCC,   Chronic obstructive pulmonary disease with MCC
148,Chronic obstructive pulmonary disease with CC,   Chronic obstructive pulmonary disease with CC
149,Chronic obstructive pulmonary disease without CC/MCC,   Chronic obstructive pulmonary disease without CC/MCC
150,Simple pneumonia and pleurisy with MCC,   Simple pneumonia and pleurisy with MCC
151,Simple pneumonia and pleurisy with CC,   Simple pneumonia and pleurisy with CC
152,Simple pneumonia and pleurisy without CC/MCC,   Simple pneumonia and pleurisy without CC/MCC
153,Interstitial lung disease with MCC,   Interstitial lung disease with MCC
154,Interstitial lung disease with CC,   Interstitial lung disease with CC
155,Interstitial lung disease without CC/MCC,   Interstitial lung disease without CC/MCC
156,Pneumothorax with MCC,   Pneumothorax with MCC
157,Pneumothorax with CC,   Pneumothorax with CC
158,Pneumothorax without CC/MCC,   Pneumothorax without CC/MCC
159,Bronchitis and asthma with CC/MCC,   Bronchitis and asthma with CC/MCC
160,Bronchitis and asthma without CC/MCC,   Bronchitis and asthma without CC/MCC
161,Respiratory signs and symptoms,   Respiratory signs and symptoms
162,Other respiratory system diagnoses with MCC,   Other respiratory system diagnoses with MCC
163,Other respiratory system diagnoses without MCC,   Other respiratory system diagnoses without MCC
207,Respiratory system diagnosis with ventilator support > hours,   Respiratory system diagnosis with ventilator support > hours
208,Respiratory system diagnosis with ventilator support <= hours,   Respiratory system diagnosis with ventilator support <= hours
215,Other heart assist system implant,   Other heart assist system implant
216,Cardiac valve and other major cardiothoracic procedures with cardiac catheterization with MCC,   Cardiac valve and other major cardiothoracic procedures with cardiac catheterization with MCC
217,Cardiac valve and other major cardiothoracic procedures with cardiac catheterization with CC,   Cardiac valve and other major cardiothoracic procedures with cardiac catheterization with CC
218,Cardiac valve and other major cardiothoracic procedures with cardiac catheterization without CC/MCC,   Cardiac valve and other major cardiothoracic procedures with cardiac catheterization without CC/MCC
219,Cardiac valve and other major cardiothoracic procedures without cardiac catheterization with MCC,   Cardiac valve and other major cardiothoracic procedures without cardiac catheterization with MCC
220,Cardiac valve and other major cardiothoracic procedures without cardiac catheterization with CC,   Cardiac valve and other major cardiothoracic procedures without cardiac catheterization with CC
221,Cardiac valve and other major cardiothoracic procedures without cardiac catheterization without CC/MCC,   Cardiac valve and other major cardiothoracic procedures without cardiac catheterization without CC/MCC
222,Cardiac defibrillator implant with cardiac catheterization with AMI/HF/shock with MCC,   Cardiac defibrillator implant with cardiac catheterization with AMI/HF/shock with MCC
223,Cardiac defibrillator implant with cardiac catheterization with AMI/HF/shock without MCC,   Cardiac defibrillator implant with cardiac catheterization with AMI/HF/shock without MCC
224,Cardiac defibrillator implant with cardiac catheterization without AMI/HF/shock with MCC,   Cardiac defibrillator implant with cardiac catheterization without AMI/HF/shock with MCC
225,Cardiac defibrillator implant with cardiac catheterization without AMI/HF/shock without MCC,   Cardiac defibrillator implant with cardiac catheterization without AMI/HF/shock without MCC
226,Cardiac defibrillator implant without cardiac catheterization with MCC,   Cardiac defibrillator implant without cardiac catheterization with MCC
227,Cardiac defibrillator implant without cardiac catheterization without MCC,   Cardiac defibrillator implant without cardiac catheterization without MCC
228,Other cardiothoracic procedures with MCC,   Other cardiothoracic procedures with MCC
229,Other cardiothoracic procedures without MCC,   Other cardiothoracic procedures without MCC
231,Coronary bypass with PTCA with MCC,   Coronary bypass with PTCA with MCC
232,Coronary bypass with PTCA without MCC,   Coronary bypass with PTCA without MCC
233,Coronary bypass with cardiac catheterization with MCC,   Coronary bypass with cardiac catheterization with MCC
234,Coronary bypass with cardiac catheterization without MCC,   Coronary bypass with cardiac catheterization without MCC
235,Coronary bypass without cardiac catheterization with MCC,   Coronary bypass without cardiac catheterization with MCC
236,Coronary bypass without cardiac catheterization without MCC,   Coronary bypass without cardiac catheterization without MCC
239,Amputation for circulatory system disorders except upper limb and toe with MCC,   Amputation for circulatory system disorders except upper limb and toe with MCC
240,Amputation for circulatory system disorders except upper limb and toe with CC,   Amputation for circulatory system disorders except upper limb and toe with CC
241,Amputation for circulatory system disorders except upper limb and toe without CC/MCC,   Amputation for circulatory system disorders except upper limb and toe without CC/MCC
242,Permanent cardiac pacemaker implant with MCC,   Permanent cardiac pacemaker implant with MCC
243,Permanent cardiac pacemaker implant with CC,   Permanent cardiac pacemaker implant with CC
244,Permanent cardiac pacemaker implant without CC/MCC,   Permanent cardiac pacemaker implant without CC/MCC
245,AICD generator procedures,   AICD generator procedures
246,Percutaneous cardiovascular procedures with drug-eluting stent with MCC or + arteries or stents,   Percutaneous cardiovascular procedures with drug-eluting stent with MCC or + arteries or stents
247,Percutaneous cardiovascular procedures with drug-eluting stent without MCC,   Percutaneous cardiovascular procedures with drug-eluting stent without MCC
248,Percutaneous cardiovascular procedures with non-drug-eluting stent with MCC or + arteries or stents,   Percutaneous cardiovascular procedures with non-drug-eluting stent with MCC or + arteries or stents
249,Percutaneous cardiovascular procedures with non-drug-eluting stent without MCC,   Percutaneous cardiovascular procedures with non-drug-eluting stent without MCC
250,Percutaneous cardiovascular procedures without coronary artery stent with MCC,   Percutaneous cardiovascular procedures without coronary artery stent with MCC
251,Percutaneous cardiovascular procedures without coronary artery stent without MCC,   Percutaneous cardiovascular procedures without coronary artery stent without MCC
252,Other vascular procedures with MCC,   Other vascular procedures with MCC
253,Other vascular procedures with CC,   Other vascular procedures with CC
254,Other vascular procedures without CC/MCC,   Other vascular procedures without CC/MCC
255,Upper limb and toe amputation for circulatory system disorders with MCC,   Upper limb and toe amputation for circulatory system disorders with MCC
256,Upper limb and toe amputation for circulatory system disorders with CC,   Upper limb and toe amputation for circulatory system disorders with CC
257,Upper limb and toe amputation for circulatory system disorders without CC/MCC,   Upper limb and toe amputation for circulatory system disorders without CC/MCC
258,Cardiac pacemaker device replacement with MCC,   Cardiac pacemaker device replacement with MCC
259,Cardiac pacemaker device replacement without MCC,   Cardiac pacemaker device replacement without MCC
260,Cardiac pacemaker revision except device replacement with MCC,   Cardiac pacemaker revision except device replacement with MCC
261,Cardiac pacemaker revision except device replacement with CC,   Cardiac pacemaker revision except device replacement with CC
262,Cardiac pacemaker revision except device replacement without CC/MCC,   Cardiac pacemaker revision except device replacement without CC/MCC
263,Vein ligation and stripping,   Vein ligation and stripping
264,Other circulatory system O.R. procedures,   Other circulatory system O.R. procedures
265,AICD lead procedures,   AICD lead procedures
266,Endovascular cardiac valve replacement and supplement procedures with MCC,   Endovascular cardiac valve replacement and supplement procedures with MCC
267,Endovascular cardiac valve replacement and supplement procedures without MCC,   Endovascular cardiac valve replacement and supplement procedures without MCC
268,Aortic and heart assist procedures except pulsation balloon with MCC,   Aortic and heart assist procedures except pulsation balloon with MCC
269,Aortic and heart assist procedures except pulsation balloon without MCC,   Aortic and heart assist procedures except pulsation balloon without MCC
270,Other major cardiovascular procedures with MCC,   Other major cardiovascular procedures with MCC
271,Other major cardiovascular procedures with CC,   Other major cardiovascular procedures with CC
272,Other major cardiovascular procedures without CC/MCC,   Other major cardiovascular procedures without CC/MCC
273,Percutaneous intracardiac procedures with MCC,   Percutaneous intracardiac procedures with MCC
274,Percutaneous intracardiac procedures without MCC,   Percutaneous intracardiac procedures without MCC
280,"Acute myocardial infarction, discharged alive with MCC","   Acute myocardial infarction, discharged alive with MCC"
281,"Acute myocardial infarction, discharged alive with CC","   Acute myocardial infarction, discharged alive with CC"
282,"Acute myocardial infarction, discharged alive without CC/MCC","   Acute myocardial infarction, discharged alive without CC/MCC"
283,"Acute myocardial infarction, expired with MCC","   Acute myocardial infarction, expired with MCC"
284,"Acute myocardial infarction, expired with CC","   Acute myocardial infarction, expired with CC"
285,"Acute myocardial infarction, expired without CC/MCC","   Acute myocardial infarction, expired without CC/MCC"
286,"Circulatory disorders except AMI, with cardiac cateterization with MCC","   Circulatory disorders except AMI, with cardiac cateterization with MCC"
287,"Circulatory disorders except AMI, with cardiac cateterization without MCC","   Circulatory disorders except AMI, with cardiac cateterization without MCC"
288,Acute and subacute endocarditis with MCC,   Acute and subacute endocarditis with MCC
289,Acute and subacute endocarditis with CC,   Acute and subacute endocarditis with CC
290,Acute and subacute endocarditis without CC/MCC,   Acute and subacute endocarditis without CC/MCC
291,Heart failure and shock with MCC,   Heart failure and shock with MCC
292,Heart failure and shock with CC,   Heart failure and shock with CC
293,Heart failure and shock without CC/MCC,   Heart failure and shock without CC/MCC
294,Deep vein thrombophlebitis with CC/MCC,   Deep vein thrombophlebitis with CC/MCC
295,Deep vein thrombophlebitis without CC/MCC,   Deep vein thrombophlebitis without CC/MCC
296,"Cardiac arrest, unexplained with MCC","   Cardiac arrest, unexplained with MCC"
297,"Cardiac arrest, unexplained with CC","   Cardiac arrest, unexplained with CC"
298,"Cardiac arrest, unexplained without CC/MCC","   Cardiac arrest, unexplained without CC/MCC"
299,Peripheral vascular disorders with MCC,   Peripheral vascular disorders with MCC
300,Peripheral vascular disorders with CC,   Peripheral vascular disorders with CC
301,Peripheral vascular disorders without CC/MCC,   Peripheral vascular disorders without CC/MCC
302,Atherosclerosis with MCC,   Atherosclerosis with MCC
303,Atherosclerosis without MCC,   Atherosclerosis without MCC
304,Hypertension with MCC,   Hypertension with MCC
305,Hypertension without MCC,   Hypertension without MCC
306,Cardiac congenital and valvular disorders with MCC,   Cardiac congenital and valvular disorders with MCC
307,Cardiac congenital and valvular disorders without MCC,   Cardiac congenital and valvular disorders without MCC
308,Cardiac arrhythmia and conduction disorders with MCC,   Cardiac arrhythmia and conduction disorders with MCC
309,Cardiac arrhythmia and conduction disorders with CC,   Cardiac arrhythmia and conduction disorders with CC
310,Cardiac arrhythmia and conduction disorders without CC/MCC,   Cardiac arrhythmia and conduction disorders without CC/MCC
311,Angina pectoris,   Angina pectoris
312,Syncope and collapse,   Syncope and collapse
313,Chest pain,   Chest pain
314,Other circulatory system diagnoses with MCC,   Other circulatory system diagnoses with MCC
315,Other circulatory system diagnoses with CC,   Other circulatory system diagnoses with CC
316,Other circulatory system diagnoses without CC/MCC,   Other circulatory system diagnoses without CC/MCC
319,Other endovascular cardiac valve procedures with MCC,   Other endovascular cardiac valve procedures with MCC
320,Other endovascular cardiac valve procedures without MCC,   Other endovascular cardiac valve procedures without MCC
326,"Stomach, esophageal and duodenal procedures with MCC","   Stomach, esophageal and duodenal procedures with MCC"
327,"Stomach, esophageal and duodenal procedures with CC","   Stomach, esophageal and duodenal procedures with CC"
328,"Stomach, esophageal and duodenal procedures without CC/MCC","   Stomach, esophageal and duodenal procedures without CC/MCC"
329,Major small and large bowel procedures with MCC,   Major small and large bowel procedures with MCC
330,Major small and large bowel procedures with CC,   Major small and large bowel procedures with CC
331,Major small and large bowel procedures without CC/MCC,   Major small and large bowel procedures without CC/MCC
332,Rectal resection with MCC,   Rectal resection with MCC
333,Rectal resection with CC,   Rectal resection with CC
334,Rectal resection without CC/MCC,   Rectal resection without CC/MCC
335,Peritoneal adhesiolysis with MCC,   Peritoneal adhesiolysis with MCC
336,Peritoneal adhesiolysis with CC,   Peritoneal adhesiolysis with CC
337,Peritoneal adhesiolysis without CC/MCC,   Peritoneal adhesiolysis without CC/MCC
338,Appendectomy with complicated principal diagnosis with MCC,   Appendectomy with complicated principal diagnosis with MCC
339,Appendectomy with complicated principal diagnosis with CC,   Appendectomy with complicated principal diagnosis with CC
340,Appendectomy with complicated principal diagnosis without CC/MCC,   Appendectomy with complicated principal diagnosis without CC/MCC
341,Appendectomy without complicated principal diagnosis with MCC,   Appendectomy without complicated principal diagnosis with MCC
342,Appendectomy without complicated principal diagnosis with CC,   Appendectomy without complicated principal diagnosis with CC
343,Appendectomy without complicated principal diagnosis without CC/MCC,   Appendectomy without complicated principal diagnosis without CC/MCC
344,Minor small and large bowel procedures with MCC,   Minor small and large bowel procedures with MCC
345,Minor small and large bowel procedures with CC,   Minor small and large bowel procedures with CC
346,Minor small and large bowel procedures without CC/MCC,   Minor small and large bowel procedures without CC/MCC
347,Anal and stomal procedures with MCC,   Anal and stomal procedures with MCC
348,Anal and stomal procedures with CC,   Anal and stomal procedures with CC
349,Anal and stomal procedures without CC/MCC,   Anal and stomal procedures without CC/MCC
350,Inguinal and femoral hernia procedures with MCC,   Inguinal and femoral hernia procedures with MCC
351,Inguinal and femoral hernia procedures with CC,   Inguinal and femoral hernia procedures with CC
352,Inguinal and femoral hernia procedures without CC/MCC,   Inguinal and femoral hernia procedures without CC/MCC
353,Hernia procedures except inguinal and femoral with MCC,   Hernia procedures except inguinal and femoral with MCC
354,Hernia procedures except inguinal and femoral with CC,   Hernia procedures except inguinal and femoral with CC
355,Hernia procedures except inguinal and femoral without CC/MCC,   Hernia procedures except inguinal and femoral without CC/MCC
356,Other digestive system O.R. procedures with MCC,   Other digestive system O.R. procedures with MCC
357,Other digestive system O.R. procedures with CC,   Other digestive system O.R. procedures with CC
358,Other digestive system O.R. procedures without CC/MCC,   Other digestive system O.R. procedures without CC/MCC
368,Major esophageal disorders with MCC,   Major esophageal disorders with MCC
369,Major esophageal disorders with CC,   Major esophageal disorders with CC
370,Major esophageal disorders without CC/MCC,   Major esophageal disorders without CC/MCC
371,Major gastrointestinal disorders and peritoneal infections with MCC,   Major gastrointestinal disorders and peritoneal infections with MCC
372,Major gastrointestinal disorders and peritoneal infections with CC,   Major gastrointestinal disorders and peritoneal infections with CC
373,Major gastrointestinal disorders and peritoneal infections without CC/MCC,   Major gastrointestinal disorders and peritoneal infections without CC/MCC
374,Digestive malignancy with MCC,   Digestive malignancy with MCC
375,Digestive malignancy with CC,   Digestive malignancy with CC
376,Digestive malignancy without CC/MCC,   Digestive malignancy without CC/MCC
377,G.I. hemorrhage with MCC,   G.I. hemorrhage with MCC
378,G.I. hemorrhage with CC,   G.I. hemorrhage with CC
379,G.I. hemorrhage without CC/MCC,   G.I. hemorrhage without CC/MCC
380,Complicated peptic ulcer with MCC,   Complicated peptic ulcer with MCC
381,Complicated peptic ulcer with CC,   Complicated peptic ulcer with CC
382,Complicated peptic ulcer without CC/MCC,   Complicated peptic ulcer without CC/MCC
383,Uncomplicated peptic ulcer with MCC,   Uncomplicated peptic ulcer with MCC
384,Uncomplicated peptic ulcer without MCC,   Uncomplicated peptic ulcer without MCC
385,Inflammatory bowel disease with MCC,   Inflammatory bowel disease with MCC
386,Inflammatory bowel disease with CC,   Inflammatory bowel disease with CC
387,Inflammatory bowel disease without CC/MCC,   Inflammatory bowel disease without CC/MCC
388,G.I. obstruction with MCC,   G.I. obstruction with MCC
389,G.I. obstruction with CC,   G.I. obstruction with CC
390,G.I. obstruction without CC/MCC,   G.I. obstruction without CC/MCC
391,"Esophagitis, gastroenteritis and miscellaneous digestive disorders with MCC","   Esophagitis, gastroenteritis and miscellaneous digestive disorders with MCC"
392,"Esophagitis, gastroenteritis and miscellaneous digestive disorders without MCC","   Esophagitis, gastroenteritis and miscellaneous digestive disorders without MCC"
393,Other digestive system diagnoses with MCC,   Other digestive system diagnoses with MCC
394,Other digestive system diagnoses with CC,   Other digestive system diagnoses with CC
395,Other digestive system diagnoses without CC/MCC,   Other digestive system diagnoses without CC/MCC
405,"Pancreas, liver and shunt procedures with MCC","   Pancreas, liver and shunt procedures with MCC"
406,"Pancreas, liver and shunt procedures with CC","   Pancreas, liver and shunt procedures with CC"
407,"Pancreas, liver and shunt procedures without CC/MCC","   Pancreas, liver and shunt procedures without CC/MCC"
408,Biliary tract procedure except only cholecystectomy with or without C.D.E. with MCC,   Biliary tract procedure except only cholecystectomy with or without C.D.E. with MCC
409,Biliary tract procedure except only cholecystectomy with or without C.D.E. with CC,   Biliary tract procedure except only cholecystectomy with or without C.D.E. with CC
410,Biliary tract procedure except only cholecystectomy with or without C.D.E. without CC/MCC,   Biliary tract procedure except only cholecystectomy with or without C.D.E. without CC/MCC
411,Cholecystectomy with C.D.E. with MCC,   Cholecystectomy with C.D.E. with MCC
412,Cholecystectomy with C.D.E. with CC,   Cholecystectomy with C.D.E. with CC
413,Cholecystectomy with C.D.E. without CC/MCC,   Cholecystectomy with C.D.E. without CC/MCC
414,Cholecystectomy except by laparoscope without C.D.E. with MCC,   Cholecystectomy except by laparoscope without C.D.E. with MCC
415,Cholecystectomy except by laparoscope without C.D.E. with CC,   Cholecystectomy except by laparoscope without C.D.E. with CC
416,Cholecystectomy except by laparoscope without C.D.E. without CC/MCC,   Cholecystectomy except by laparoscope without C.D.E. without CC/MCC
417,Laparoscopic cholecystectomy without C.D.E. with MCC,   Laparoscopic cholecystectomy without C.D.E. with MCC
418,Laparoscopic cholecystectomy without C.D.E. with CC,   Laparoscopic cholecystectomy without C.D.E. with CC
419,Laparoscopic cholecystectomy without C.D.E. without CC/MCC,   Laparoscopic cholecystectomy without C.D.E. without CC/MCC
420,Hepatobiliary diagnostic procedures with MCC,   Hepatobiliary diagnostic procedures with MCC
421,Hepatobiliary diagnostic procedures with CC,   Hepatobiliary diagnostic procedures with CC
422,Hepatobiliary diagnostic procedures without CC/MCC,   Hepatobiliary diagnostic procedures without CC/MCC
423,Other hepatobiliary or pancreas O.R. procedures with MCC,   Other hepatobiliary or pancreas O.R. procedures with MCC
424,Other hepatobiliary or pancreas O.R. procedures with CC,   Other hepatobiliary or pancreas O.R. procedures with CC
425,Other hepatobiliary or pancreas O.R. procedures without CC/MCC,   Other hepatobiliary or pancreas O.R. procedures without CC/MCC
432,Cirrhosis and alcoholic hepatitis with MCC,   Cirrhosis and alcoholic hepatitis with MCC
433,Cirrhosis and alcoholic hepatitis with CC,   Cirrhosis and alcoholic hepatitis with CC
434,Cirrhosis and alcoholic hepatitis without CC/MCC,   Cirrhosis and alcoholic hepatitis without CC/MCC
435,Malignancy of hepatobiliary system or pancreas with MCC,   Malignancy of hepatobiliary system or pancreas with MCC
436,Malignancy of hepatobiliary system or pancreas with CC,   Malignancy of hepatobiliary system or pancreas with CC
437,Malignancy of hepatobiliary system or pancreas without CC/MCC,   Malignancy of hepatobiliary system or pancreas without CC/MCC
438,Disorders of pancreas except malignancy with MCC,   Disorders of pancreas except malignancy with MCC
439,Disorders of pancreas except malignancy with CC,   Disorders of pancreas except malignancy with CC
440,Disorders of pancreas except malignancy without CC/MCC,   Disorders of pancreas except malignancy without CC/MCC
441,"Disorders of liver except malignancy, cirrhosis or alcoholic hepatitis with MCC","   Disorders of liver except malignancy, cirrhosis or alcoholic hepatitis with MCC"
442,"Disorders of liver except malignancy, cirrhosis or alcoholic hepatitis with CC","   Disorders of liver except malignancy, cirrhosis or alcoholic hepatitis with CC"
443,"Disorders of liver except malignancy, cirrhosis or alcoholic hepatitis without CC/MCC","   Disorders of liver except malignancy, cirrhosis or alcoholic hepatitis without CC/MCC"
444,Disorders of the biliary tract with MCC,   Disorders of the biliary tract with MCC
445,Disorders of the biliary tract with CC,   Disorders of the biliary tract with CC
446,Disorders of the biliary tract without CC/MCC,   Disorders of the biliary tract without CC/MCC
453,Combined anterior/posterior spinal fusion with MCC,   Combined anterior/posterior spinal fusion with MCC
454,Combined anterior/posterior spinal fusion with CC,   Combined anterior/posterior spinal fusion with CC
455,Combined anterior/posterior spinal fusion without CC/MCC,   Combined anterior/posterior spinal fusion without CC/MCC
456,Spinal fusion except cervical with spinal curvature or malignancy or infection or extensive fusions with MCC,   Spinal fusion except cervical with spinal curvature or malignancy or infection or extensive fusions with MCC
457,Spinal fusion except cervical with spinal curvature or malignancy or infection or extensive fusions with CC,   Spinal fusion except cervical with spinal curvature or malignancy or infection or extensive fusions with CC
458,Spinal fusion except cervical with spinal curvature or malignancy or infection or extensive fusions without CC/MCC,   Spinal fusion except cervical with spinal curvature or malignancy or infection or extensive fusions without CC/MCC
459,Spinal fusion except cervical with MCC,   Spinal fusion except cervical with MCC
460,Spinal fusion except cervical without MCC,   Spinal fusion except cervical without MCC
461,Bilateral or multiple major joint procedures of lower extremity with MCC,   Bilateral or multiple major joint procedures of lower extremity with MCC
462,Bilateral or multiple major joint procedures of lower extremity without MCC,   Bilateral or multiple major joint procedures of lower extremity without MCC
463,Wound debridement and skin graft except hand for musculoskeletal system and connective tissue disorders with MCC,   Wound debridement and skin graft except hand for musculoskeletal system and connective tissue disorders with MCC
464,Wound debridement and skin graft except hand for musculoskeletal system and connective tissue disorders with CC,   Wound debridement and skin graft except hand for musculoskeletal system and connective tissue disorders with CC
465,Wound debridement and skin graft except hand for musculoskeletal system and connective tissue disorders without CC/MCC,   Wound debridement and skin graft except hand for musculoskeletal system and connective tissue disorders without CC/MCC
466,Revision of hip or knee replacement with MCC,   Revision of hip or knee replacement with MCC
467,Revision of hip or knee replacement with CC,   Revision of hip or knee replacement with CC
468,Revision of hip or knee replacement without CC/MCC,   Revision of hip or knee replacement without CC/MCC
469,Major hip and knee joint replacement or reattachment of lower extremity with MCC or total ankle replacement,   Major hip and knee joint replacement or reattachment of lower extremity with MCC or total ankle replacement
470,Major hip and knee joint replacement or reattachment of lower extremity without MCC,   Major hip and knee joint replacement or reattachment of lower extremity without MCC
471,Cervical spinal fusion with MCC,   Cervical spinal fusion with MCC
472,Cervical spinal fusion with CC,   Cervical spinal fusion with CC
473,Cervical spinal fusion without CC/MCC,   Cervical spinal fusion without CC/MCC
474,Amputation for musculoskeletal system and connective tissue disorders with MCC,   Amputation for musculoskeletal system and connective tissue disorders with MCC
475,Amputation for musculoskeletal system and connective tissue disorders with CC,   Amputation for musculoskeletal system and connective tissue disorders with CC
476,Amputation for musculoskeletal system and connective tissue disorders without CC/MCC,   Amputation for musculoskeletal system and connective tissue disorders without CC/MCC
477,Biopsies of musculoskeletal system and connective tissue with MCC,   Biopsies of musculoskeletal system and connective tissue with MCC
478,Biopsies of musculoskeletal system and connective tissue with CC,   Biopsies of musculoskeletal system and connective tissue with CC
479,Biopsies of musculoskeletal system and connective tissue without CC/MCC,   Biopsies of musculoskeletal system and connective tissue without CC/MCC
480,Hip and femur procedures except major joint with MCC,   Hip and femur procedures except major joint with MCC
481,Hip and femur procedures except major joint with CC,   Hip and femur procedures except major joint with CC
482,Hip and femur procedures except major joint without CC/MCC,   Hip and femur procedures except major joint without CC/MCC
483,Major joint/limb reattachment procedure of upper extremities,   Major joint/limb reattachment procedure of upper extremities
485,Knee procedures with PDX of infection with MCC,   Knee procedures with PDX of infection with MCC
486,Knee procedures with PDX of infection with CC,   Knee procedures with PDX of infection with CC
487,Knee procedures with PDX of infection without CC/MCC,   Knee procedures with PDX of infection without CC/MCC
488,Knee procedures without PDX of infection with CC/MCC,   Knee procedures without PDX of infection with CC/MCC
489,Knee procedures without PDX of infection without CC/MCC,   Knee procedures without PDX of infection without CC/MCC
492,"Lower extremity and humerus procedures except hip, foot and femur with MCC","   Lower extremity and humerus procedures except hip, foot and femur with MCC"
493,"Lower extremity and humerus procedures except hip, foot and femur with CC","   Lower extremity and humerus procedures except hip, foot and femur with CC"
494,"Lower extremity and humerus procedures except hip, foot and femur without CC/MCC","   Lower extremity and humerus procedures except hip, foot and femur without CC/MCC"
495,Local excision and removal of internal fixation devices except hip and femur with MCC,   Local excision and removal of internal fixation devices except hip and femur with MCC
496,Local excision and removal of internal fixation devices except hip and femur with CC,   Local excision and removal of internal fixation devices except hip and femur with CC
497,Local excision and removal internal fixation devices except hip and femur without CC/MCC,   Local excision and removal internal fixation devices except hip and femur without CC/MCC
498,Local excision and removal internal fixation devices of hip and femur with CC/MCC,   Local excision and removal internal fixation devices of hip and femur with CC/MCC
499,Local excision and removal internal fixation devices of hip and femur without CC/MCC,   Local excision and removal internal fixation devices of hip and femur without CC/MCC
500,Soft tissue procedures with MCC,   Soft tissue procedures with MCC
501,Soft tissue procedures with CC,   Soft tissue procedures with CC
502,Soft tissue procedures without CC/MCC,   Soft tissue procedures without CC/MCC
503,Foot procedures with MCC,   Foot procedures with MCC
504,Foot procedures with CC,   Foot procedures with CC
505,Foot procedures without CC/MCC,   Foot procedures without CC/MCC
506,Major thumb or joint procedures,   Major thumb or joint procedures
507,Major shoulder or elbow joint procedures with CC/MCC,   Major shoulder or elbow joint procedures with CC/MCC
508,Major shoulder or elbow joint procedures without CC/MCC,   Major shoulder or elbow joint procedures without CC/MCC
509,Arthroscopy,   Arthroscopy
510,"Shoulder, elbow or forearm procedures, except major joint procedures with MCC","   Shoulder, elbow or forearm procedures, except major joint procedures with MCC"
511,"Shoulder, elbow or forearm procedures, except major joint procedures with CC","   Shoulder, elbow or forearm procedures, except major joint procedures with CC"
512,"Shoulder, elbow or forearm procedures, except major joint procedures without CC/MCC","   Shoulder, elbow or forearm procedures, except major joint procedures without CC/MCC"
513,"Hand or wrist procedures, except major thumb or joint procedures with CC/MCC","   Hand or wrist procedures, except major thumb or joint procedures with CC/MCC"
514,"Hand or wrist procedures, except major thumb or joint procedures without CC/MCC","   Hand or wrist procedures, except major thumb or joint procedures without CC/MCC"
515,Other musculoskeletal system and connective tissue O.R. procedures with MCC,   Other musculoskeletal system and connective tissue O.R. procedures with MCC
516,Other musculoskeletal system and connective tissue O.R. procedures with CC,   Other musculoskeletal system and connective tissue O.R. procedures with CC
517,Other musculoskeletal system and connective tissue O.R. procedures without CC/MCC,   Other musculoskeletal system and connective tissue O.R. procedures without CC/MCC
518,Back and neck procedures except spinal fusion with MCC or disc device or neurostimulator,   Back and neck procedures except spinal fusion with MCC or disc device or neurostimulator
519,Back and neck procedures except spinal fusion with CC,   Back and neck procedures except spinal fusion with CC
520,Back and neck procedures except spinal fusion without CC/MCC,   Back and neck procedures except spinal fusion without CC/MCC
533,Fractures of femur with MCC,   Fractures of femur with MCC
534,Fractures of femur without MCC,   Fractures of femur without MCC
535,Fractures of hip and pelvis with MCC,   Fractures of hip and pelvis with MCC
536,Fractures of hip and pelvis without MCC,   Fractures of hip and pelvis without MCC
537,"Sprains, strains, and dislocations of hip, pelvis and thigh with CC/MCC","   Sprains, strains, and dislocations of hip, pelvis and thigh with CC/MCC"
538,"Sprains, strains, and dislocations of hip, pelvis and thigh without CC/MCC","   Sprains, strains, and dislocations of hip, pelvis and thigh without CC/MCC"
539,Osteomyelitis with MCC,   Osteomyelitis with MCC
540,Osteomyelitis with CC,   Osteomyelitis with CC
541,Osteomyelitis without CC/MCC,   Osteomyelitis without CC/MCC
542,Pathological fractures and musculoskeletal and connective tissue malignancy with MCC,   Pathological fractures and musculoskeletal and connective tissue malignancy with MCC
543,Pathological fractures and musculoskeletal and connective tissue malignancy with CC,   Pathological fractures and musculoskeletal and connective tissue malignancy with CC
544,Pathological fractures and musculoskeletal and connective tissue malignancy without CC/MCC,   Pathological fractures and musculoskeletal and connective tissue malignancy without CC/MCC
545,Connective tissue disorders with MCC,   Connective tissue disorders with MCC
546,Connective tissue disorders with CC,   Connective tissue disorders with CC
547,Connective tissue disorders without CC/MCC,   Connective tissue disorders without CC/MCC
548,Septic arthritis with MCC,   Septic arthritis with MCC
549,Septic arthritis with CC,   Septic arthritis with CC
550,Septic arthritis without CC/MCC,   Septic arthritis without CC/MCC
551,Medical back problems with MCC,   Medical back problems with MCC
552,Medical back problems without MCC,   Medical back problems without MCC
553,Bone diseases and arthropathies with MCC,   Bone diseases and arthropathies with MCC
554,Bone diseases and arthropathies without MCC,   Bone diseases and arthropathies without MCC
555,Signs and symptoms of musculoskeletal system and connective tissue with MCC,   Signs and symptoms of musculoskeletal system and connective tissue with MCC
556,Signs and symptoms of musculoskeletal system and connective tissue without MCC,   Signs and symptoms of musculoskeletal system and connective tissue without MCC
557,"Tendonitis, myositis and bursitis with MCC","   Tendonitis, myositis and bursitis with MCC"
558,"Tendonitis, myositis and bursitis without MCC","   Tendonitis, myositis and bursitis without MCC"
559,"Aftercare, musculoskeletal system and connective tissue with MCC","   Aftercare, musculoskeletal system and connective tissue with MCC"
560,"Aftercare, musculoskeletal system and connective tissue with CC","   Aftercare, musculoskeletal system and connective tissue with CC"
561,"Aftercare, musculoskeletal system and connective tissue without CC/MCC","   Aftercare, musculoskeletal system and connective tissue without CC/MCC"
562,"Fracture, sprain, strain and dislocation except femur, hip, pelvis and thigh with MCC","   Fracture, sprain, strain and dislocation except femur, hip, pelvis and thigh with MCC"
563,"Fracture, sprain, strain and dislocation except femur, hip, pelvis and thigh without MCC","   Fracture, sprain, strain and dislocation except femur, hip, pelvis and thigh without MCC"
564,Other musculoskeletal system and connective tissue diagnoses with MCC,   Other musculoskeletal system and connective tissue diagnoses with MCC
565,Other musculoskeletal system and connective tissue diagnoses with CC,   Other musculoskeletal system and connective tissue diagnoses with CC
566,Other musculoskeletal system and connective tissue diagnoses without CC/MCC,   Other musculoskeletal system and connective tissue diagnoses without CC/MCC
570,Skin debridement with MCC,   Skin debridement with MCC
571,Skin debridement with CC,   Skin debridement with CC
572,Skin debridement without CC/MCC,   Skin debridement without CC/MCC
573,Skin graft for skin ulcer or cellulitis with MCC,   Skin graft for skin ulcer or cellulitis with MCC
574,Skin graft for skin ulcer or cellulitis with CC,   Skin graft for skin ulcer or cellulitis with CC
575,Skin graft for skin ulcer or cellulitis without CC/MCC,   Skin graft for skin ulcer or cellulitis without CC/MCC
576,Skin graft except for skin ulcer or cellulitis with MCC,   Skin graft except for skin ulcer or cellulitis with MCC
577,Skin graft except for skin ulcer or cellulitis with CC,   Skin graft except for skin ulcer or cellulitis with CC
578,Skin graft except for skin ulcer or cellulitis without CC/MCC,   Skin graft except for skin ulcer or cellulitis without CC/MCC
579,"Other skin, subcutaneous tissue and breast procedures with MCC","   Other skin, subcutaneous tissue and breast procedures with MCC"
580,"Other skin, subcutaneous tissue and breast procedures with CC","   Other skin, subcutaneous tissue and breast procedures with CC"
581,"Other skin, subcutaneous tissue and breast procedures without CC/MCC","   Other skin, subcutaneous tissue and breast procedures without CC/MCC"
582,Mastectomy for malignancy with CC/MCC,   Mastectomy for malignancy with CC/MCC
583,Mastectomy for malignancy without CC/MCC,   Mastectomy for malignancy without CC/MCC
584,"Breast biopsy, local excision and other breast procedures with CC/MCC","   Breast biopsy, local excision and other breast procedures with CC/MCC"
585,"Breast biopsy, local excision and other breast procedures without CC/MCC","   Breast biopsy, local excision and other breast procedures without CC/MCC"
592,Skin ulcers with MCC,   Skin ulcers with MCC
593,Skin ulcers with CC,   Skin ulcers with CC
594,Skin ulcers without CC/MCC,   Skin ulcers without CC/MCC
595,Major skin disorders with MCC,   Major skin disorders with MCC
596,Major skin disorders without MCC,   Major skin disorders without MCC
597,Malignant breast disorders with MCC,   Malignant breast disorders with MCC
598,Malignant breast disorders with CC,   Malignant breast disorders with CC
599,Malignant breast disorders without CC/MCC,   Malignant breast disorders without CC/MCC
600,Non-malignant breast disorders with CC/MCC,   Non-malignant breast disorders with CC/MCC
601,Non-malignant breast disorders without CC/MCC,   Non-malignant breast disorders without CC/MCC
602,Cellulitis with MCC,   Cellulitis with MCC
603,Cellulitis without MCC,   Cellulitis without MCC
604,"Trauma to the skin, subcutaneous tissue and breast with MCC","   Trauma to the skin, subcutaneous tissue and breast with MCC"
605,"Trauma to the skin, subcutaneous tissue and breast without MCC","   Trauma to the skin, subcutaneous tissue and breast without MCC"
606,Minor skin disorders with MCC,   Minor skin disorders with MCC
607,Minor skin disorders without MCC,   Minor skin disorders without MCC
614,Adrenal and pituitary procedures with CC/MCC,   Adrenal and pituitary procedures with CC/MCC
615,Adrenal and pituitary procedures without CC/MCC,   Adrenal and pituitary procedures without CC/MCC
616,"Amputation of lower limb for endocrine, nutritional and metabolic disorders with MCC","   Amputation of lower limb for endocrine, nutritional and metabolic disorders with MCC"
617,"Amputation of lower limb for endocrine, nutritional and metabolic disorders with CC","   Amputation of lower limb for endocrine, nutritional and metabolic disorders with CC"
618,"Amputation of lower limb for endocrine, nutritional and metabolic disorders without CC/MCC","   Amputation of lower limb for endocrine, nutritional and metabolic disorders without CC/MCC"
619,O.R. procedures for obesity with MCC,   O.R. procedures for obesity with MCC
620,O.R. procedures for obesity with CC,   O.R. procedures for obesity with CC
621,O.R. procedures for obesity without CC/MCC,   O.R. procedures for obesity without CC/MCC
622,"Skin grafts and wound debridement for endocrine, nutritional and metabolic disorders with MCC","   Skin grafts and wound debridement for endocrine, nutritional and metabolic disorders with MCC"
623,"Skin grafts and wound debridement for endocrine, nutritional and metabolic disorders with CC","   Skin grafts and wound debridement for endocrine, nutritional and metabolic disorders with CC"
624,"Skin grafts and wound debridement for endocrine, nutritional and metabolic disorders without CC/MCC","   Skin grafts and wound debridement for endocrine, nutritional and metabolic disorders without CC/MCC"
625,"Thyroid, parathyroid and thyroglossal procedures with MCC","   Thyroid, parathyroid and thyroglossal procedures with MCC"
626,"Thyroid, parathyroid and thyroglossal procedures with CC","   Thyroid, parathyroid and thyroglossal procedures with CC"
627,"Thyroid, parathyroid and thyroglossal procedures without CC/MCC","   Thyroid, parathyroid and thyroglossal procedures without CC/MCC"
628,"Other endocrine, nutritional and metabolic O.R. procedures with MCC","   Other endocrine, nutritional and metabolic O.R. procedures with MCC"
629,"Other endocrine, nutritional and metabolic O.R. procedures with CC","   Other endocrine, nutritional and metabolic O.R. procedures with CC"
630,"Other endocrine, nutritional and metabolic O.R. procedures without CC/MCC","   Other endocrine, nutritional and metabolic O.R. procedures without CC/MCC"
637,Diabetes with MCC,   Diabetes with MCC
638,Diabetes with CC,   Diabetes with CC
639,Diabetes without CC/MCC,   Diabetes without CC/MCC
640,"Miscellaneous disorders of nutrition, metabolism, fluids and electrolytes with MCC","   Miscellaneous disorders of nutrition, metabolism, fluids and electrolytes with MCC"
641,"Miscellaneous disorders of nutrition, metabolism, fluids and electrolytes without MCC","   Miscellaneous disorders of nutrition, metabolism, fluids and electrolytes without MCC"
642,Inborn and other disorders of metabolism,   Inborn and other disorders of metabolism
643,Endocrine disorders with MCC,   Endocrine disorders with MCC
644,Endocrine disorders with CC,   Endocrine disorders with CC
645,Endocrine disorders without CC/MCC,   Endocrine disorders without CC/MCC
652,Kidney transplant,   Kidney transplant
653,Major bladder procedures with MCC,   Major bladder procedures with MCC
654,Major bladder procedures with CC,   Major bladder procedures with CC
655,Major bladder procedures without CC/MCC,   Major bladder procedures without CC/MCC
656,Kidney and ureter procedures for neoplasm with MCC,   Kidney and ureter procedures for neoplasm with MCC
657,Kidney and ureter procedures for neoplasm with CC,   Kidney and ureter procedures for neoplasm with CC
658,Kidney and ureter procedures for neoplasm without CC/MCC,   Kidney and ureter procedures for neoplasm without CC/MCC
659,Kidney and ureter procedures for non-neoplasm with MCC,   Kidney and ureter procedures for non-neoplasm with MCC
660,Kidney and ureter procedures for non-neoplasm with CC,   Kidney and ureter procedures for non-neoplasm with CC
661,Kidney and ureter procedures for non-neoplasm without CC/MCC,   Kidney and ureter procedures for non-neoplasm without CC/MCC
662,Minor bladder procedures with MCC,   Minor bladder procedures with MCC
663,Minor bladder procedures with CC,   Minor bladder procedures with CC
664,Minor bladder procedures without CC/MCC,   Minor bladder procedures without CC/MCC
665,Prostatectomy with MCC,   Prostatectomy with MCC
666,Prostatectomy with CC,   Prostatectomy with CC
667,Prostatectomy without CC/MCC,   Prostatectomy without CC/MCC
668,Transurethral procedures with MCC,   Transurethral procedures with MCC
669,Transurethral procedures with CC,   Transurethral procedures with CC
670,Transurethral procedures without CC/MCC,   Transurethral procedures without CC/MCC
671,Urethral procedures with CC/MCC,   Urethral procedures with CC/MCC
672,Urethral procedures without CC/MCC,   Urethral procedures without CC/MCC
673,Other kidney and urinary tract procedures with MCC,   Other kidney and urinary tract procedures with MCC
674,Other kidney and urinary tract procedures with CC,   Other kidney and urinary tract procedures with CC
675,Other kidney and urinary tract procedures without CC/MCC,   Other kidney and urinary tract procedures without CC/MCC
682,Renal failure with MCC,   Renal failure with MCC
683,Renal failure with CC,   Renal failure with CC
684,Renal failure without CC/MCC,   Renal failure without CC/MCC
686,Kidney and urinary tract neoplasms with MCC,   Kidney and urinary tract neoplasms with MCC
687,Kidney and urinary tract neoplasms with CC,   Kidney and urinary tract neoplasms with CC
688,Kidney and urinary tract neoplasms without CC/MCC,   Kidney and urinary tract neoplasms without CC/MCC
689,Kidney and urinary tract infections with MCC,   Kidney and urinary tract infections with MCC
690,Kidney and urinary tract infections without MCC,   Kidney and urinary tract infections without MCC
693,Urinary stones with MCC,   Urinary stones with MCC
694,Urinary stones without MCC,   Urinary stones without MCC
695,Kidney and urinary tract signs and symptoms with MCC,   Kidney and urinary tract signs and symptoms with MCC
696,Kidney and urinary tract signs and symptoms without MCC,   Kidney and urinary tract signs and symptoms without MCC
697,Urethral stricture,   Urethral stricture
698,Other kidney and urinary tract diagnoses with MCC,   Other kidney and urinary tract diagnoses with MCC
699,Other kidney and urinary tract diagnoses with CC,   Other kidney and urinary tract diagnoses with CC
700,Other kidney and urinary tract diagnoses without CC/MCC,   Other kidney and urinary tract diagnoses without CC/MCC
707,Major male pelvic procedures with CC/MCC,   Major male pelvic procedures with CC/MCC
708,Major male pelvic procedures without CC/MCC,   Major male pelvic procedures without CC/MCC
709,Penis procedures with CC/MCC,   Penis procedures with CC/MCC
710,Penis procedures without CC/MCC,   Penis procedures without CC/MCC
711,Testes procedures with CC/MCC,   Testes procedures with CC/MCC
712,Testes procedures without CC/MCC,   Testes procedures without CC/MCC
713,Transurethral prostatectomy with CC/MCC,   Transurethral prostatectomy with CC/MCC
714,Transurethral prostatectomy without CC/MCC,   Transurethral prostatectomy without CC/MCC
715,Other male reproductive system O.R. procedures for malignancy with CC/MCC,   Other male reproductive system O.R. procedures for malignancy with CC/MCC
716,Other male reproductive system O.R. procedures for malignancy without CC/MCC,   Other male reproductive system O.R. procedures for malignancy without CC/MCC
717,Other male reproductive system O.R. procedures except malignancy with CC/MCC,   Other male reproductive system O.R. procedures except malignancy with CC/MCC
718,Other male reproductive system O.R. proc except malignancy without CC/MCC,   Other male reproductive system O.R. proc except malignancy without CC/MCC
722,"Malignancy, male reproductive system with MCC","   Malignancy, male reproductive system with MCC"
723,"Malignancy, male reproductive system with CC","   Malignancy, male reproductive system with CC"
724,"Malignancy, male reproductive system without CC/MCC","   Malignancy, male reproductive system without CC/MCC"
725,Benign prostatic hypertrophy with MCC,   Benign prostatic hypertrophy with MCC
726,Benign prostatic hypertrophy without MCC,   Benign prostatic hypertrophy without MCC
727,Inflammation of the male reproductive system with MCC,   Inflammation of the male reproductive system with MCC
728,Inflammation of the male reproductive system without MCC,   Inflammation of the male reproductive system without MCC
729,Other male reproductive system diagnoses with CC/MCC,   Other male reproductive system diagnoses with CC/MCC
730,Other male reproductive system diagnoses without CC/MCC,   Other male reproductive system diagnoses without CC/MCC
734,"Pelvic evisceration, radical hysterectomy and radical vulvectomy with CC/MCC","   Pelvic evisceration, radical hysterectomy and radical vulvectomy with CC/MCC"
735,"Pelvic evisceration, radical hysterectomy and radical vulvectomy without CC/MCC","   Pelvic evisceration, radical hysterectomy and radical vulvectomy without CC/MCC"
736,Uterine and adnexa procedures for ovarian or adnexal malignancy with MCC,   Uterine and adnexa procedures for ovarian or adnexal malignancy with MCC
737,Uterine and adnexa procedures for ovarian or adnexal malignancy with CC,   Uterine and adnexa procedures for ovarian or adnexal malignancy with CC
738,Uterine and adnexa procedures for ovarian or adnexal malignancy without CC/MCC,   Uterine and adnexa procedures for ovarian or adnexal malignancy without CC/MCC
739,"Uterine, adnexa procedures for non-ovarian and non-adnexal malignancy with MCC","   Uterine, adnexa procedures for non-ovarian and non-adnexal malignancy with MCC"
740,"Uterine, adnexa procedures for non-ovarian and non-adnexal malignancy with CC","   Uterine, adnexa procedures for non-ovarian and non-adnexal malignancy with CC"
741,"Uterine, adnexa procedures for non-ovarian and non-adnexal malignancy without CC/MCC","   Uterine, adnexa procedures for non-ovarian and non-adnexal malignancy without CC/MCC"
742,Uterine and adnexa procedures for non-malignancy with CC/MCC,   Uterine and adnexa procedures for non-malignancy with CC/MCC
743,Uterine and adnexa procedures for non-malignancy without CC/MCC,   Uterine and adnexa procedures for non-malignancy without CC/MCC
744,"D&C, conization, laparoscopy and tubal interruption with CC/MCC","   D&C, conization, laparoscopy and tubal interruption with CC/MCC"
745,"D&C, conization, laparoscopy and tubal interruption without CC/MCC","   D&C, conization, laparoscopy and tubal interruption without CC/MCC"
746,"Vagina, cervix and vulva procedures with CC/MCC","   Vagina, cervix and vulva procedures with CC/MCC"
747,"Vagina, cervix and vulva procedures without CC/MCC","   Vagina, cervix and vulva procedures without CC/MCC"
748,Female reproductive system reconstructive procedures,   Female reproductive system reconstructive procedures
749,Other female reproductive system O.R. procedures with CC/MCC,   Other female reproductive system O.R. procedures with CC/MCC
750,Other female reproductive system O.R. procedures without CC/MCC,   Other female reproductive system O.R. procedures without CC/MCC
754,"Malignancy, female reproductive system with MCC","   Malignancy, female reproductive system with MCC"
755,"Malignancy, female reproductive system with CC","   Malignancy, female reproductive system with CC"
756,"Malignancy, female reproductive system without CC/MCC","   Malignancy, female reproductive system without CC/MCC"
757,"Infections, female reproductive system with MCC","   Infections, female reproductive system with MCC"
758,"Infections, female reproductive system with CC","   Infections, female reproductive system with CC"
759,"Infections, female reproductive system without CC/MCC","   Infections, female reproductive system without CC/MCC"
760,Menstrual and other female reproductive system disorders with CC/MCC,   Menstrual and other female reproductive system disorders with CC/MCC
761,Menstrual and other female reproductive system disorders without CC/MCC,   Menstrual and other female reproductive system disorders without CC/MCC
768,Vaginal delivery with O.R. proc except steril &/or D&C,   Vaginal delivery with O.R. proc except steril &/or D&C
769,Postpartum and post abortion diagnoses with O.R. procedure,   Postpartum and post abortion diagnoses with O.R. procedure
770,"Abortion with D&C, aspiration curettage or hysterotomy","   Abortion with D&C, aspiration curettage or hysterotomy"
776,Postpartum and post abortion diagnoses without O.R. procedure,   Postpartum and post abortion diagnoses without O.R. procedure
779,Abortion without D&C,   Abortion without D&C
783,Cesarean section with sterilization with MCC,   Cesarean section with sterilization with MCC
784,Cesarean section with sterilization with CC,   Cesarean section with sterilization with CC
785,Cesarean section with sterilization without CC/MCC,   Cesarean section with sterilization without CC/MCC
786,Cesarean section without sterilization with MCC,   Cesarean section without sterilization with MCC
787,Cesarean section without sterilization with CC,   Cesarean section without sterilization with CC
788,Cesarean section without sterilization without CC/MCC,   Cesarean section without sterilization without CC/MCC
789,"Neonates, died or transferred to another acute care facility","   Neonates, died or transferred to another acute care facility"
790,"Extreme immaturity or respiratory distress syndrome, neonate","   Extreme immaturity or respiratory distress syndrome, neonate"
791,Prematurity with major problems,   Prematurity with major problems
792,Prematurity without major problems,   Prematurity without major problems
793,Full term neonate with major problems,   Full term neonate with major problems
794,Neonate with other significant problems,   Neonate with other significant problems
795,Normal newborn,   Normal newborn
796,Vaginal delivery with sterilization/D&C with MCC,   Vaginal delivery with sterilization/D&C with MCC
797,Vaginal delivery with sterilization/D&C with CC,   Vaginal delivery with sterilization/D&C with CC
798,Vaginal delivery with sterilization/D&C without CC/MCC,   Vaginal delivery with sterilization/D&C without CC/MCC
799,Splenectomy with MCC,   Splenectomy with MCC
800,Splenectomy with CC,   Splenectomy with CC
801,Splenectomy without CC/MCC,   Splenectomy without CC/MCC
802,Other O.R. procedures of the blood and blood forming organs with MCC,   Other O.R. procedures of the blood and blood forming organs with MCC
803,Other O.R. procedures of the blood and blood forming organs with CC,   Other O.R. procedures of the blood and blood forming organs with CC
804,Other O.R. procedures of the blood and blood forming organs without CC/MCC,   Other O.R. procedures of the blood and blood forming organs without CC/MCC
805,Vaginal delivery without sterilization/D&C with MCC,   Vaginal delivery without sterilization/D&C with MCC
806,Vaginal delivery without sterilization/D&C with CC,   Vaginal delivery without sterilization/D&C with CC
807,Vaginal delivery without sterilization/D&C without CC/MCC,   Vaginal delivery without sterilization/D&C without CC/MCC
808,Major hematological and immunological diagnoses except sickle cell crisis and coagulation disorders with MCC,   Major hematological and immunological diagnoses except sickle cell crisis and coagulation disorders with MCC
809,Major hematological and immunological diagnoses except sickle cell crisis and coagulation disorders with CC,   Major hematological and immunological diagnoses except sickle cell crisis and coagulation disorders with CC
810,Major hematological and immunological diagnoses except sickle cell crisis and coagulation disorders without CC/MCC,   Major hematological and immunological diagnoses except sickle cell crisis and coagulation disorders without CC/MCC
811,Red blood cell disorders with MCC,   Red blood cell disorders with MCC
812,Red blood cell disorders without MCC,   Red blood cell disorders without MCC
813,Coagulation disorders,   Coagulation disorders
814,Reticuloendothelial and immunity disorders with MCC,   Reticuloendothelial and immunity disorders with MCC
815,Reticuloendothelial and immunity disorders with CC,   Reticuloendothelial and immunity disorders with CC
816,Reticuloendothelial and immunity disorders without CC/MCC,   Reticuloendothelial and immunity disorders without CC/MCC
817,Other antepartum diagnoses with O.R. procedure with MCC,   Other antepartum diagnoses with O.R. procedure with MCC
818,Other antepartum diagnoses with O.R. procedure with CC,   Other antepartum diagnoses with O.R. procedure with CC
819,Other antepartum diagnoses with O.R. procedure without CC/MCC,   Other antepartum diagnoses with O.R. procedure without CC/MCC
820,Lymphoma and leukemia with major O.R. procedure with MCC,   Lymphoma and leukemia with major O.R. procedure with MCC
821,Lymphoma and leukemia with major O.R. procedure with CC,   Lymphoma and leukemia with major O.R. procedure with CC
822,Lymphoma and leukemia with major O.R. procedure without CC/MCC,   Lymphoma and leukemia with major O.R. procedure without CC/MCC
823,Lymphoma and non-acute leukemia with other procedure with MCC,   Lymphoma and non-acute leukemia with other procedure with MCC
824,Lymphoma and non-acute leukemia with other procedure with CC,   Lymphoma and non-acute leukemia with other procedure with CC
825,Lymphoma and non-acute leukemia with other procedure without CC/MCC,   Lymphoma and non-acute leukemia with other procedure without CC/MCC
826,Myeloproliferative disorders or poorly differentiated neoplasms with major O.R. procedure with MCC,   Myeloproliferative disorders or poorly differentiated neoplasms with major O.R. procedure with MCC
827,Myeloproliferative disorders or poorly differentiated neoplasms with major O.R. procedure with CC,   Myeloproliferative disorders or poorly differentiated neoplasms with major O.R. procedure with CC
828,Myeloproliferative disorders or poorly differentiated neoplasms with major O.R. procedure without CC/MCC,   Myeloproliferative disorders or poorly differentiated neoplasms with major O.R. procedure without CC/MCC
829,Myeloproliferative disorders or poorly differentiated neoplasms with other procedure with CC/MCC,   Myeloproliferative disorders or poorly differentiated neoplasms with other procedure with CC/MCC
830,Myeloproliferative disorders or poorly differentiated neoplasms with other procedure without CC/MCC,   Myeloproliferative disorders or poorly differentiated neoplasms with other procedure without CC/MCC
831,Other antepartum diagnoses without O.R. procedure with MCC,   Other antepartum diagnoses without O.R. procedure with MCC
832,Other antepartum diagnoses without O.R. procedure with CC,   Other antepartum diagnoses without O.R. procedure with CC
833,Other antepartum diagnoses without O.R. procedure without CC/MCC,   Other antepartum diagnoses without O.R. procedure without CC/MCC
834,Acute leukemia without major O.R. procedure with MCC,   Acute leukemia without major O.R. procedure with MCC
835,Acute leukemia without major O.R. procedure with CC,   Acute leukemia without major O.R. procedure with CC
836,Acute leukemia without major O.R. procedure without CC/MCC,   Acute leukemia without major O.R. procedure without CC/MCC
837,Chemotherapy with acute leukemia as SDX or with high dose chemotherapy agent with MCC,   Chemotherapy with acute leukemia as SDX or with high dose chemotherapy agent with MCC
838,Chemotherapy with acute leukemia as SDX with CC or high dose chemotherapy agent,   Chemotherapy with acute leukemia as SDX with CC or high dose chemotherapy agent
839,Chemotherapy with acute leukemia as SDX without CC/MCC,   Chemotherapy with acute leukemia as SDX without CC/MCC
840,Lymphoma and non-acute leukemia with MCC,   Lymphoma and non-acute leukemia with MCC
841,Lymphoma and non-acute leukemia with CC,   Lymphoma and non-acute leukemia with CC
842,Lymphoma and non-acute leukemia without CC/MCC,   Lymphoma and non-acute leukemia without CC/MCC
843,Other myeloproliferative disorders or poorly differentiated neoplastic diagnoses with MCC,   Other myeloproliferative disorders or poorly differentiated neoplastic diagnoses with MCC
844,Other myeloproliferative disorders or poorly differentiated neoplastic diagnoses with CC,   Other myeloproliferative disorders or poorly differentiated neoplastic diagnoses with CC
845,Other myeloproliferative disorders or poorly differentiated neoplastic diagnoses without CC/MCC,   Other myeloproliferative disorders or poorly differentiated neoplastic diagnoses without CC/MCC
846,Chemotherapy without acute leukemia as secondary diagnosis with MCC,   Chemotherapy without acute leukemia as secondary diagnosis with MCC
847,Chemotherapy without acute leukemia as secondary diagnosis with CC,   Chemotherapy without acute leukemia as secondary diagnosis with CC
848,Chemotherapy without acute leukemia as secondary diagnosis without CC/MCC,   Chemotherapy without acute leukemia as secondary diagnosis without CC/MCC
849,Radiotherapy,   Radiotherapy
853,Infectious and parasitic diseases with O.R. procedure with MCC,   Infectious and parasitic diseases with O.R. procedure with MCC
854,Infectious and parasitic diseases with O.R. procedure with CC,   Infectious and parasitic diseases with O.R. procedure with CC
855,Infectious and parasitic diseases with O.R. procedure without CC/MCC,   Infectious and parasitic diseases with O.R. procedure without CC/MCC
856,Postoperative or post-traumatic infections with O.R. procedure with MCC,   Postoperative or post-traumatic infections with O.R. procedure with MCC
857,Postoperative or post-traumatic infections with O.R. procedure with CC,   Postoperative or post-traumatic infections with O.R. procedure with CC
858,Postoperative or post-traumatic infections with O.R. procedure without CC/MCC,   Postoperative or post-traumatic infections with O.R. procedure without CC/MCC
862,Postoperative and post-traumatic infections with MCC,   Postoperative and post-traumatic infections with MCC
863,Postoperative and post-traumatic infections without MCC,   Postoperative and post-traumatic infections without MCC
864,Fever and inflammatory conditions,   Fever and inflammatory conditions
865,Viral illness with MCC,   Viral illness with MCC
866,Viral illness without MCC,   Viral illness without MCC
867,Other infectious and parasitic diseases diagnoses with MCC,   Other infectious and parasitic diseases diagnoses with MCC
868,Other infectious and parasitic diseases diagnoses with CC,   Other infectious and parasitic diseases diagnoses with CC
869,Other infectious and parasitic diseases diagnoses without CC/MCC,   Other infectious and parasitic diseases diagnoses without CC/MCC
870,Septicemia or severe sepsis with MV > hours,   Septicemia or severe sepsis with MV > hours
871,Septicemia or severe sepsis without MV > hours with MCC,   Septicemia or severe sepsis without MV > hours with MCC
872,Septicemia or severe sepsis without MV > hours without MCC,   Septicemia or severe sepsis without MV > hours without MCC
876,O.R. procedure with principal diagnoses of mental illness,   O.R. procedure with principal diagnoses of mental illness
880,Acute adjustment reaction and psychosocial dysfunction,   Acute adjustment reaction and psychosocial dysfunction
881,Depressive neuroses,   Depressive neuroses
882,Neuroses except depressive,   Neuroses except depressive
883,Disorders of personality and impulse control,   Disorders of personality and impulse control
884,Organic disturbances and intellectual disability,   Organic disturbances and intellectual disability
885,Psychoses,   Psychoses
886,Behavioral and developmental disorders,   Behavioral and developmental disorders
887,Other mental disorder diagnoses,   Other mental disorder diagnoses
894,"Alcohol, drug abuse or dependence, left AMA","   Alcohol, drug abuse or dependence, left AMA"
895,"Alcohol, drug abuse or dependence with rehabilitation therapy","   Alcohol, drug abuse or dependence with rehabilitation therapy"
896,"Alcohol, drug abuse or dependence without rehabilitation therapy with MCC","   Alcohol, drug abuse or dependence without rehabilitation therapy with MCC"
897,"Alcohol, drug abuse or dependence without rehabilitation therapy without MCC","   Alcohol, drug abuse or dependence without rehabilitation therapy without MCC"
901,Wound debridements for injuries with MCC,   Wound debridements for injuries with MCC
902,Wound debridements for injuries with CC,   Wound debridements for injuries with CC
903,Wound debridements for injuries without CC/MCC,   Wound debridements for injuries without CC/MCC
904,Skin grafts for injuries with CC/MCC,   Skin grafts for injuries with CC/MCC
905,Skin grafts for injuries without CC/MCC,   Skin grafts for injuries without CC/MCC
906,Hand procedures for injuries,   Hand procedures for injuries
907,Other O.R. procedures for injuries with MCC,   Other O.R. procedures for injuries with MCC
908,Other O.R. procedures for injuries with CC,   Other O.R. procedures for injuries with CC
909,Other O.R. procedures for injuries without CC/MCC,   Other O.R. procedures for injuries without CC/MCC
913,Traumatic injury with MCC,   Traumatic injury with MCC
914,Traumatic injury without MCC,   Traumatic injury without MCC
915,Allergic reactions with MCC,   Allergic reactions with MCC
916,Allergic reactions without MCC,   Allergic reactions without MCC
917,Poisoning and toxic effects of drugs with MCC,   Poisoning and toxic effects of drugs with MCC
918,Poisoning and toxic effects of drugs without MCC,   Poisoning and toxic effects of drugs without MCC
919,Complications of treatment with MCC,   Complications of treatment with MCC
920,Complications of treatment with CC,   Complications of treatment with CC
921,Complications of treatment without CC/MCC,   Complications of treatment without CC/MCC
922,"Other injury, poisoning and toxic effect diagnoses with MCC","   Other injury, poisoning and toxic effect diagnoses with MCC"
923,"Other injury, poisoning and toxic effect diagnoses without MCC","   Other injury, poisoning and toxic effect diagnoses without MCC"
927,Extensive burns or full thickness burns with MV > hours with skin graft,   Extensive burns or full thickness burns with MV > hours with skin graft
928,Full thickness burn with skin graft or inhalation injury with CC/MCC,   Full thickness burn with skin graft or inhalation injury with CC/MCC
929,Full thickness burn with skin graft or inhalation injury without CC/MCC,   Full thickness burn with skin graft or inhalation injury without CC/MCC
933,Extensive burns or full thickness burns with MV > hours without skin graft,   Extensive burns or full thickness burns with MV > hours without skin graft
934,Full thickness burn without skin graft or inhalation injury,   Full thickness burn without skin graft or inhalation injury
935,Non-extensive burns,   Non-extensive burns
939,O.R. procedures with diagnoses of other contact with health services with MCC,   O.R. procedures with diagnoses of other contact with health services with MCC
940,O.R. procedures with diagnoses of other contact with health services with CC,   O.R. procedures with diagnoses of other contact with health services with CC
941,O.R. procedures with diagnoses of other contact with health services without CC/MCC,   O.R. procedures with diagnoses of other contact with health services without CC/MCC
945,Rehabilitation with CC/MCC,   Rehabilitation with CC/MCC
946,Rehabilitation without CC/MCC,   Rehabilitation without CC/MCC
947,Signs and symptoms with MCC,   Signs and symptoms with MCC
948,Signs and symptoms without MCC,   Signs and symptoms without MCC
949,Aftercare with CC/MCC,   Aftercare with CC/MCC
950,Aftercare without CC/MCC,   Aftercare without CC/MCC
951,Other factors influencing health status,   Other factors influencing health status
955,Craniotomy for multiple significant trauma,   Craniotomy for multiple significant trauma
956,"Limb reattachment, hip and femur procedures for multiple significant trauma","   Limb reattachment, hip and femur procedures for multiple significant trauma"
957,Other O.R. procedures for multiple significant trauma with MCC,   Other O.R. procedures for multiple significant trauma with MCC
958,Other O.R. procedures for multiple significant trauma with CC,   Other O.R. procedures for multiple significant trauma with CC
959,Other O.R. procedures for multiple significant trauma without CC/MCC,   Other O.R. procedures for multiple significant trauma without CC/MCC
963,Other multiple significant trauma with MCC,   Other multiple significant trauma with MCC
964,Other multiple significant trauma with CC,   Other multiple significant trauma with CC
965,Other multiple significant trauma without CC/MCC,   Other multiple significant trauma without CC/MCC
969,HIV with extensive O.R. procedure with MCC,   HIV with extensive O.R. procedure with MCC
970,HIV with extensive O.R. procedure without MCC,   HIV with extensive O.R. procedure without MCC
974,HIV with major related condition with MCC,   HIV with major related condition with MCC
975,HIV with major related condition with CC,   HIV with major related condition with CC
976,HIV with major related condition without CC/MCC,   HIV with major related condition without CC/MCC
977,HIV with or without other related condition,   HIV with or without other related condition
981,Extensive O.R. procedure unrelated to principal diagnosis with MCC,   Extensive O.R. procedure unrelated to principal diagnosis with MCC
982,Extensive O.R. procedure unrelated to principal diagnosis with CC,   Extensive O.R. procedure unrelated to principal diagnosis with CC
983,Extensive O.R. procedure unrelated to principal diagnosis without CC/MCC,   Extensive O.R. procedure unrelated to principal diagnosis without CC/MCC
987,Non-extensive O.R. procedure unrelated to principal diagnosis with MCC,   Non-extensive O.R. procedure unrelated to principal diagnosis with MCC
988,Non-extensive O.R. procedure unrelated to principal diagnosis with CC,   Non-extensive O.R. procedure unrelated to principal diagnosis with CC
989,Non-extensive O.R. procedure unrelated to principal diagnosis without CC/MCC,   Non-extensive O.R. procedure unrelated to principal diagnosis without CC/MCC
998,Principal diagnosis invalid as discharge diagnosis,   Principal diagnosis invalid as discharge diagnosis
