DRG,DRG Desc,Average charge total
001,HEART TRANSPLANT OR IMPLANT OF HEART ASSIST SYSTEM W MCC,"$1,442,022 "
003,"ECMO OR TRACH W MV 96+ HRS OR PDX EXC FACE, MOUTH & NECK W MAJ O.R.","$1,322,315 "
004,"TRACH W MV 96+ HRS OR PDX EXC FACE, MOUTH & NECK W/O MAJ O.R.","$729,586 "
005,LIVER TRANSPLANT W MCC OR INTESTINAL TRANSPLANT,"$1,067,347 "
007,LUNG TRANSPLANT,"$976,850 "
008,SIMULTANEOUS PANCREAS/KIDNEY TRANSPLANT,"$616,955 "
011,"TRACHEOSTOMY FOR FACE,MOUTH & NECK DIAGNOSES W MCC","$254,785 "
012,"TRACHEOSTOMY FOR FACE,MOUTH & NECK DIAGNOSES W CC","$154,886 "
014,ALLOGENEIC BONE MARROW TRANSPLANT,"$582,522 "
016,AUTOLOGOUS BONE MARROW TRANSPLANT W CC/MCC,"$256,484 "
020,INTRACRANIAL VASCULAR PROCEDURES W PDX HEMORRHAGE W MCC,"$652,861 "
021,INTRACRANIAL VASCULAR PROCEDURES W PDX HEMORRHAGE W CC,"$398,600 "
023,CRANIO W MAJOR DEV IMPL/ACUTE COMPLEX CNS PDX W MCC OR CHEMO IMPLANT,"$315,232 "
024,CRANIO W MAJOR DEV IMPL/ACUTE COMPLEX CNS PDX W/O MCC,"$198,954 "
025,CRANIOTOMY & ENDOVASCULAR INTRACRANIAL PROCEDURES W MCC,"$220,880 "
026,CRANIOTOMY & ENDOVASCULAR INTRACRANIAL PROCEDURES W CC,"$143,858 "
027,CRANIOTOMY & ENDOVASCULAR INTRACRANIAL PROCEDURES W/O CC/MCC,"$126,825 "
028,SPINAL PROCEDURES W MCC,"$189,510 "
029,SPINAL PROCEDURES W CC OR SPINAL NEUROSTIMULATORS,"$112,809 "
030,SPINAL PROCEDURES W/O CC/MCC,"$80,875 "
031,VENTRICULAR SHUNT PROCEDURES W MCC,"$197,240 "
032,VENTRICULAR SHUNT PROCEDURES W CC,"$98,710 "
033,VENTRICULAR SHUNT PROCEDURES W/O CC/MCC,"$65,844 "
034,CAROTID ARTERY STENT PROCEDURE W MCC,"$138,913 "
035,CAROTID ARTERY STENT PROCEDURE W CC,"$98,745 "
036,CAROTID ARTERY STENT PROCEDURE W/O CC/MCC,"$82,448 "
037,EXTRACRANIAL PROCEDURES W MCC,"$133,254 "
038,EXTRACRANIAL PROCEDURES W CC,"$104,944 "
039,EXTRACRANIAL PROCEDURES W/O CC/MCC,"$49,912 "
040,PERIPH/CRANIAL NERVE & OTHER NERV SYST PROC W MCC,"$176,160 "
041,PERIPH/CRANIAL NERVE & OTHER NERV SYST PROC W CC OR PERIPH NEUROSTIM,"$108,934 "
042,PERIPH/CRANIAL NERVE & OTHER NERV SYST PROC W/O CC/MCC,"$90,587 "
054,NERVOUS SYSTEM NEOPLASMS W MCC,"$89,845 "
055,NERVOUS SYSTEM NEOPLASMS W/O MCC,"$49,973 "
056,DEGENERATIVE NERVOUS SYSTEM DISORDERS W MCC,"$99,956 "
057,DEGENERATIVE NERVOUS SYSTEM DISORDERS W/O MCC,"$67,039 "
059,MULTIPLE SCLEROSIS & CEREBELLAR ATAXIA W CC,"$86,095 "
060,MULTIPLE SCLEROSIS & CEREBELLAR ATAXIA W/O CC/MCC,"$62,456 "
061,ACUTE ISCHEMIC STROKE W USE OF THROMBOLYTIC AGENT W MCC,"$177,330 "
062,ACUTE ISCHEMIC STROKE W USE OF THROMBOLYTIC AGENT W CC,"$114,866 "
063,ACUTE ISCHEMIC STROKE W USE OF THROMBOLYTIC AGENT W/O CC/MCC,"$99,045 "
064,INTRACRANIAL HEMORRHAGE OR CEREBRAL INFARCTION W MCC,"$109,421 "
065,INTRACRANIAL HEMORRHAGE OR CEREBRAL INFARCTION W CC,"$66,308 "
066,INTRACRANIAL HEMORRHAGE OR CEREBRAL INFARCTION W/O CC/MCC,"$48,005 "
068,NONSPECIFIC CVA & PRECEREBRAL OCCLUSION W/O INFARCT W/O MCC,"$44,314 "
069,TRANSIENT ISCHEMIA,"$43,081 "
070,NONSPECIFIC CEREBROVASCULAR DISORDERS W MCC,"$83,190 "
071,NONSPECIFIC CEREBROVASCULAR DISORDERS W CC,"$56,709 "
073,CRANIAL & PERIPHERAL NERVE DISORDERS W MCC,"$99,461 "
074,CRANIAL & PERIPHERAL NERVE DISORDERS W/O MCC,"$71,188 "
075,VIRAL MENINGITIS W CC/MCC,"$123,814 "
082,"TRAUMATIC STUPOR & COMA, COMA >1 HR W MCC","$93,833 "
083,"TRAUMATIC STUPOR & COMA, COMA >1 HR W CC","$53,124 "
085,"TRAUMATIC STUPOR & COMA, COMA <1 HR W MCC","$138,356 "
086,"TRAUMATIC STUPOR & COMA, COMA <1 HR W CC","$47,125 "
087,"TRAUMATIC STUPOR & COMA, COMA <1 HR W/O CC/MCC","$28,849 "
091,OTHER DISORDERS OF NERVOUS SYSTEM W MCC,"$92,150 "
092,OTHER DISORDERS OF NERVOUS SYSTEM W CC,"$60,568 "
093,OTHER DISORDERS OF NERVOUS SYSTEM W/O CC/MCC,"$45,793 "
094,BACTERIAL & TUBERCULOUS INFECTIONS OF NERVOUS SYSTEM W MCC,"$248,175 "
097,NON-BACTERIAL INFECT OF NERVOUS SYS EXC VIRAL MENINGITIS W MCC,"$151,763 "
098,NON-BACTERIAL INFECT OF NERVOUS SYS EXC VIRAL MENINGITIS W CC,"$93,794 "
099,NON-BACTERIAL INFECT OF NERVOUS SYS EXC VIRAL MENINGITIS W/O CC/MCC,"$113,856 "
100,SEIZURES W MCC,"$133,633 "
101,SEIZURES W/O MCC,"$46,398 "
102,HEADACHES W MCC,"$78,870 "
103,HEADACHES W/O MCC,"$42,604 "
115,EXTRAOCULAR PROCEDURES EXCEPT ORBIT,"$100,919 "
116,INTRAOCULAR PROCEDURES W CC/MCC,"$108,116 "
123,NEUROLOGICAL EYE DISORDERS,"$62,617 "
125,OTHER DISORDERS OF THE EYE W/O MCC,"$36,413 "
129,MAJOR HEAD & NECK PROCEDURES W CC/MCC OR MAJOR DEVICE,"$192,862 "
130,MAJOR HEAD & NECK PROCEDURES W/O CC/MCC,"$99,516 "
131,CRANIAL/FACIAL PROCEDURES W CC/MCC,"$98,516 "
132,CRANIAL/FACIAL PROCEDURES W/O CC/MCC,"$88,997 "
133,"OTHER EAR, NOSE, MOUTH & THROAT O.R. PROCEDURES W CC/MCC","$90,612 "
134,"OTHER EAR, NOSE, MOUTH & THROAT O.R. PROCEDURES W/O CC/MCC","$55,213 "
137,MOUTH PROCEDURES W CC/MCC,"$47,755 "
149,DYSEQUILIBRIUM,"$39,013 "
151,EPISTAXIS W/O MCC,"$14,351 "
152,OTITIS MEDIA & URI W MCC,"$49,418 "
153,OTITIS MEDIA & URI W/O MCC,"$29,516 "
155,"OTHER EAR, NOSE, MOUTH & THROAT DIAGNOSES W CC","$37,702 "
157,DENTAL & ORAL DISEASES W MCC,"$71,565 "
158,DENTAL & ORAL DISEASES W CC,"$38,239 "
159,DENTAL & ORAL DISEASES W/O CC/MCC,"$27,864 "
163,MAJOR CHEST PROCEDURES W MCC,"$279,814 "
164,MAJOR CHEST PROCEDURES W CC,"$105,106 "
165,MAJOR CHEST PROCEDURES W/O CC/MCC,"$91,655 "
166,OTHER RESP SYSTEM O.R. PROCEDURES W MCC,"$247,316 "
167,OTHER RESP SYSTEM O.R. PROCEDURES W CC,"$113,095 "
168,OTHER RESP SYSTEM O.R. PROCEDURES W/O CC/MCC,"$70,660 "
175,PULMONARY EMBOLISM W MCC,"$81,148 "
176,PULMONARY EMBOLISM W/O MCC,"$48,140 "
177,RESPIRATORY INFECTIONS & INFLAMMATIONS W MCC,"$103,930 "
178,RESPIRATORY INFECTIONS & INFLAMMATIONS W CC,"$48,421 "
179,RESPIRATORY INFECTIONS & INFLAMMATIONS W/O CC/MCC,"$26,008 "
180,RESPIRATORY NEOPLASMS W MCC,"$121,898 "
181,RESPIRATORY NEOPLASMS W CC,"$77,573 "
186,PLEURAL EFFUSION W MCC,"$69,288 "
187,PLEURAL EFFUSION W CC,"$39,471 "
189,PULMONARY EDEMA & RESPIRATORY FAILURE,"$94,131 "
190,CHRONIC OBSTRUCTIVE PULMONARY DISEASE W MCC,"$72,093 "
191,CHRONIC OBSTRUCTIVE PULMONARY DISEASE W CC,"$44,627 "
192,CHRONIC OBSTRUCTIVE PULMONARY DISEASE W/O CC/MCC,"$36,652 "
193,SIMPLE PNEUMONIA & PLEURISY W MCC,"$73,370 "
194,SIMPLE PNEUMONIA & PLEURISY W CC,"$44,977 "
195,SIMPLE PNEUMONIA & PLEURISY W/O CC/MCC,"$30,120 "
196,INTERSTITIAL LUNG DISEASE W MCC,"$92,956 "
197,INTERSTITIAL LUNG DISEASE W CC,"$55,549 "
199,PNEUMOTHORAX W MCC,"$96,679 "
200,PNEUMOTHORAX W CC,"$34,334 "
202,BRONCHITIS & ASTHMA W CC/MCC,"$45,196 "
203,BRONCHITIS & ASTHMA W/O CC/MCC,"$31,115 "
204,RESPIRATORY SIGNS & SYMPTOMS,"$40,531 "
205,OTHER RESPIRATORY SYSTEM DIAGNOSES W MCC,"$102,043 "
206,OTHER RESPIRATORY SYSTEM DIAGNOSES W/O MCC,"$105,088 "
207,RESPIRATORY SYSTEM DIAGNOSIS W VENTILATOR SUPPORT 96+ HOURS,"$399,441 "
208,RESPIRATORY SYSTEM DIAGNOSIS W VENTILATOR SUPPORT <96 HOURS,"$165,257 "
215,OTHER HEART ASSIST SYSTEM IMPLANT,"$640,105 "
216,CARDIAC VALVE & OTH MAJ CARDIOTHORACIC PROC W CARD CATH W MCC,"$419,680 "
217,CARDIAC VALVE & OTH MAJ CARDIOTHORACIC PROC W CARD CATH W CC,"$219,306 "
219,CARDIAC VALVE & OTH MAJ CARDIOTHORACIC PROC W/O CARD CATH W MCC,"$322,189 "
220,CARDIAC VALVE & OTH MAJ CARDIOTHORACIC PROC W/O CARD CATH W CC,"$208,973 "
222,CARDIAC DEFIB IMPLANT W CARDIAC CATH W AMI/HF/SHOCK W MCC,"$357,598 "
224,CARDIAC DEFIB IMPLANT W CARDIAC CATH W/O AMI/HF/SHOCK W MCC,"$378,778 "
226,CARDIAC DEFIBRILLATOR IMPLANT W/O CARDIAC CATH W MCC,"$328,531 "
227,CARDIAC DEFIBRILLATOR IMPLANT W/O CARDIAC CATH W/O MCC,"$249,187 "
228,OTHER CARDIOTHORACIC PROCEDURES W MCC,"$286,499 "
229,OTHER CARDIOTHORACIC PROCEDURES W CC,"$165,168 "
233,CORONARY BYPASS W CARDIAC CATH W MCC,"$369,666 "
234,CORONARY BYPASS W CARDIAC CATH W/O MCC,"$237,707 "
235,CORONARY BYPASS W/O CARDIAC CATH W MCC,"$227,198 "
236,CORONARY BYPASS W/O CARDIAC CATH W/O MCC,"$157,240 "
239,AMPUTATION FOR CIRC SYS DISORDERS EXC UPPER LIMB & TOE W MCC,"$239,667 "
240,AMPUTATION FOR CIRC SYS DISORDERS EXC UPPER LIMB & TOE W CC,"$150,987 "
242,PERMANENT CARDIAC PACEMAKER IMPLANT W MCC,"$222,661 "
243,PERMANENT CARDIAC PACEMAKER IMPLANT W CC,"$118,457 "
244,PERMANENT CARDIAC PACEMAKER IMPLANT W/O CC/MCC,"$86,325 "
245,AICD GENERATOR PROCEDURES,"$301,442 "
246,PERC CARDIOVASC PROC W DRUG-ELUTING STENT W MCC OR 4+ VESSELS/STENTS,"$169,712 "
247,PERC CARDIOVASC PROC W DRUG-ELUTING STENT W/O MCC,"$102,727 "
250,PERC CARDIOVASC PROC W/O CORONARY ARTERY STENT W MCC,"$208,638 "
251,PERC CARDIOVASC PROC W/O CORONARY ARTERY STENT W/O MCC,"$84,598 "
252,OTHER VASCULAR PROCEDURES W MCC,"$149,468 "
253,OTHER VASCULAR PROCEDURES W CC,"$148,049 "
254,OTHER VASCULAR PROCEDURES W/O CC/MCC,"$98,447 "
260,CARDIAC PACEMAKER REVISION EXCEPT DEVICE REPLACEMENT W MCC,"$198,687 "
261,CARDIAC PACEMAKER REVISION EXCEPT DEVICE REPLACEMENT W CC,"$108,091 "
264,OTHER CIRCULATORY SYSTEM O.R. PROCEDURES,"$236,621 "
266,SKIN GRAFT &/OR DEBRID EXCEPT FOR SKIN ULCER OR CE,"$316,115 "
267,PERIANAL & PILONIDAL PROCEDURES,"$220,509 "
268,"SKIN, SUBCUTANEOUS TISSUE & BREAST PLASTIC PROCEDU","$369,560 "
269,"OTHER SKIN, SUBCUT TISS & BREAST PROC W CC","$183,544 "
270,"OTHER SKIN, SUBCUT TISS & BREAST PROC W/O CC","$314,999 "
271,SKIN ULCERS,"$171,327 "
272,MAJOR SKIN DISORDERS W CC,"$159,051 "
273,MAJOR SKIN DISORDERS W/O CC,"$170,058 "
274,MALIGNANT BREAST DISORDERS W CC,"$130,253 "
280,"ACUTE MYOCARDIAL INFARCTION, DISCHARGED ALIVE W MCC","$115,814 "
281,"ACUTE MYOCARDIAL INFARCTION, DISCHARGED ALIVE W CC","$50,319 "
282,"ACUTE MYOCARDIAL INFARCTION, DISCHARGED ALIVE W/O CC/MCC","$39,104 "
283,"ACUTE MYOCARDIAL INFARCTION, EXPIRED W MCC","$133,702 "
286,"CIRCULATORY DISORDERS EXCEPT AMI, W CARD CATH W MCC","$138,667 "
287,"CIRCULATORY DISORDERS EXCEPT AMI, W CARD CATH W/O MCC","$67,030 "
291,HEART FAILURE & SHOCK W MCC,"$75,207 "
292,HEART FAILURE & SHOCK W CC,"$45,607 "
293,HEART FAILURE & SHOCK W/O CC/MCC,"$33,785 "
299,PERIPHERAL VASCULAR DISORDERS W MCC,"$87,050 "
300,PERIPHERAL VASCULAR DISORDERS W CC,"$48,629 "
301,PERIPHERAL VASCULAR DISORDERS W/O CC/MCC,"$37,800 "
302,ATHEROSCLEROSIS W MCC,"$69,355 "
303,ATHEROSCLEROSIS W/O MCC,"$33,704 "
304,HYPERTENSION W MCC,"$57,812 "
305,HYPERTENSION W/O MCC,"$36,901 "
306,CARDIAC CONGENITAL & VALVULAR DISORDERS W MCC,"$81,580 "
307,CARDIAC CONGENITAL & VALVULAR DISORDERS W/O MCC,"$28,757 "
308,CARDIAC ARRHYTHMIA & CONDUCTION DISORDERS W MCC,"$64,674 "
309,CARDIAC ARRHYTHMIA & CONDUCTION DISORDERS W CC,"$31,321 "
310,CARDIAC ARRHYTHMIA & CONDUCTION DISORDERS W/O CC/MCC,"$22,717 "
311,ANGINA PECTORIS,"$38,244 "
312,SYNCOPE & COLLAPSE,"$44,646 "
313,CHEST PAIN,"$38,767 "
314,OTHER CIRCULATORY SYSTEM DIAGNOSES W MCC,"$99,563 "
315,OTHER CIRCULATORY SYSTEM DIAGNOSES W CC,"$50,861 "
316,OTHER CIRCULATORY SYSTEM DIAGNOSES W/O CC/MCC,"$59,383 "
326,"STOMACH, ESOPHAGEAL & DUODENAL PROC W MCC","$258,518 "
327,"STOMACH, ESOPHAGEAL & DUODENAL PROC W CC","$73,417 "
328,"STOMACH, ESOPHAGEAL & DUODENAL PROC W/O CC/MCC","$61,206 "
329,MAJOR SMALL & LARGE BOWEL PROCEDURES W MCC,"$185,953 "
330,MAJOR SMALL & LARGE BOWEL PROCEDURES W CC,"$77,265 "
331,MAJOR SMALL & LARGE BOWEL PROCEDURES W/O CC/MCC,"$57,103 "
333,RECTAL RESECTION W CC,"$44,692 "
334,RECTAL RESECTION W/O CC/MCC,"$61,414 "
335,PERITONEAL ADHESIOLYSIS W MCC,"$200,359 "
336,PERITONEAL ADHESIOLYSIS W CC,"$117,313 "
337,PERITONEAL ADHESIOLYSIS W/O CC/MCC,"$63,039 "
339,APPENDECTOMY W COMPLICATED PRINCIPAL DIAG W CC,"$95,538 "
340,APPENDECTOMY W COMPLICATED PRINCIPAL DIAG W/O CC/MCC,"$58,542 "
343,APPENDECTOMY W/O COMPLICATED PRINCIPAL DIAG W/O CC/MCC,"$51,491 "
344,MINOR SMALL & LARGE BOWEL PROCEDURES W MCC,"$160,873 "
347,ANAL & STOMAL PROCEDURES W MCC,"$91,966 "
348,ANAL & STOMAL PROCEDURES W CC,"$50,908 "
349,ANAL & STOMAL PROCEDURES W/O CC/MCC,"$32,886 "
351,INGUINAL & FEMORAL HERNIA PROCEDURES W CC,"$77,167 "
353,HERNIA PROCEDURES EXCEPT INGUINAL & FEMORAL W MCC,"$162,608 "
354,HERNIA PROCEDURES EXCEPT INGUINAL & FEMORAL W CC,"$80,772 "
355,HERNIA PROCEDURES EXCEPT INGUINAL & FEMORAL W/O CC/MCC,"$48,611 "
356,OTHER DIGESTIVE SYSTEM O.R. PROCEDURES W MCC,"$218,551 "
357,OTHER DIGESTIVE SYSTEM O.R. PROCEDURES W CC,"$107,437 "
358,OTHER DIGESTIVE SYSTEM O.R. PROCEDURES W/O CC/MCC,"$51,286 "
368,MAJOR ESOPHAGEAL DISORDERS W MCC,"$105,895 "
369,MAJOR ESOPHAGEAL DISORDERS W CC,"$46,002 "
371,MAJOR GASTROINTESTINAL DISORDERS & PERITONEAL INFECTIONS W MCC,"$77,351 "
372,MAJOR GASTROINTESTINAL DISORDERS & PERITONEAL INFECTIONS W CC,"$47,886 "
373,MAJOR GASTROINTESTINAL DISORDERS & PERITONEAL INFECTIONS W/O CC/MCC,"$34,676 "
374,DIGESTIVE MALIGNANCY W MCC,"$133,921 "
375,DIGESTIVE MALIGNANCY W CC,"$72,013 "
377,G.I. HEMORRHAGE W MCC,"$97,676 "
378,G.I. HEMORRHAGE W CC,"$49,576 "
379,G.I. HEMORRHAGE W/O CC/MCC,"$27,262 "
380,COMPLICATED PEPTIC ULCER W MCC,"$110,246 "
381,COMPLICATED PEPTIC ULCER W CC,"$73,051 "
385,INFLAMMATORY BOWEL DISEASE W MCC,"$59,965 "
386,INFLAMMATORY BOWEL DISEASE W CC,"$48,062 "
387,INFLAMMATORY BOWEL DISEASE W/O CC/MCC,"$31,793 "
388,G.I. OBSTRUCTION W MCC,"$106,586 "
389,G.I. OBSTRUCTION W CC,"$37,920 "
390,G.I. OBSTRUCTION W/O CC/MCC,"$25,108 "
391,"ESOPHAGITIS, GASTROENT & MISC DIGEST DISORDERS W MCC","$75,828 "
392,"ESOPHAGITIS, GASTROENT & MISC DIGEST DISORDERS W/O MCC","$38,893 "
393,OTHER DIGESTIVE SYSTEM DIAGNOSES W MCC,"$78,954 "
394,OTHER DIGESTIVE SYSTEM DIAGNOSES W CC,"$48,799 "
395,OTHER DIGESTIVE SYSTEM DIAGNOSES W/O CC/MCC,"$37,031 "
405,"PANCREAS, LIVER & SHUNT PROCEDURES W MCC","$339,589 "
406,"PANCREAS, LIVER & SHUNT PROCEDURES W CC","$128,265 "
407,"PANCREAS, LIVER & SHUNT PROCEDURES W/O CC/MCC","$54,718 "
415,CHOLECYSTECTOMY EXCEPT BY LAPAROSCOPE W/O C.D.E. W CC,"$96,346 "
416,CHOLECYSTECTOMY EXCEPT BY LAPAROSCOPE W/O C.D.E. W/O CC/MCC,"$71,472 "
417,LAPAROSCOPIC CHOLECYSTECTOMY W/O C.D.E. W MCC,"$119,887 "
418,LAPAROSCOPIC CHOLECYSTECTOMY W/O C.D.E. W CC,"$86,618 "
419,LAPAROSCOPIC CHOLECYSTECTOMY W/O C.D.E. W/O CC/MCC,"$75,526 "
432,CIRRHOSIS & ALCOHOLIC HEPATITIS W MCC,"$129,804 "
433,CIRRHOSIS & ALCOHOLIC HEPATITIS W CC,"$53,874 "
435,MALIGNANCY OF HEPATOBILIARY SYSTEM OR PANCREAS W MCC,"$118,855 "
436,MALIGNANCY OF HEPATOBILIARY SYSTEM OR PANCREAS W CC,"$57,594 "
437,MALIGNANCY OF HEPATOBILIARY SYSTEM OR PANCREAS W/O CC/MCC,"$24,849 "
438,DISORDERS OF PANCREAS EXCEPT MALIGNANCY W MCC,"$87,993 "
439,DISORDERS OF PANCREAS EXCEPT MALIGNANCY W CC,"$44,428 "
440,DISORDERS OF PANCREAS EXCEPT MALIGNANCY W/O CC/MCC,"$28,083 "
441,"DISORDERS OF LIVER EXCEPT MALIG,CIRR,ALC HEPA W MCC","$154,231 "
442,"DISORDERS OF LIVER EXCEPT MALIG,CIRR,ALC HEPA W CC","$67,691 "
443,"DISORDERS OF LIVER EXCEPT MALIG,CIRR,ALC HEPA W/O CC/MCC","$53,933 "
444,DISORDERS OF THE BILIARY TRACT W MCC,"$79,621 "
445,DISORDERS OF THE BILIARY TRACT W CC,"$56,193 "
446,DISORDERS OF THE BILIARY TRACT W/O CC/MCC,"$33,412 "
453,COMBINED ANTERIOR/POSTERIOR SPINAL FUSION W MCC,"$391,461 "
454,COMBINED ANTERIOR/POSTERIOR SPINAL FUSION W CC,"$274,798 "
455,COMBINED ANTERIOR/POSTERIOR SPINAL FUSION W/O CC/MCC,"$174,685 "
456,SPINAL FUS EXC CERV W SPINAL CURV/MALIG/INFEC OR 9+ FUS W MCC,"$522,733 "
457,SPINAL FUS EXC CERV W SPINAL CURV/MALIG/INFEC OR 9+ FUS W CC,"$322,251 "
458,SPINAL FUS EXC CERV W SPINAL CURV/MALIG/INFEC OR 9+ FUS W/O CC/MCC,"$162,591 "
459,SPINAL FUSION EXCEPT CERVICAL W MCC,"$266,202 "
460,SPINAL FUSION EXCEPT CERVICAL W/O MCC,"$145,687 "
463,"WND DEBRID & SKN GRFT EXC HAND, FOR MUSCULO-CONN TISS DIS W MCC","$336,526 "
464,"WND DEBRID & SKN GRFT EXC HAND, FOR MUSCULO-CONN TISS DIS W CC","$122,698 "
465,"WND DEBRID & SKN GRFT EXC HAND, FOR MUSCULO-CONN TISS DIS W/O CC/MCC","$71,737 "
466,REVISION OF HIP OR KNEE REPLACEMENT W MCC,"$184,431 "
467,REVISION OF HIP OR KNEE REPLACEMENT W CC,"$122,401 "
468,REVISION OF HIP OR KNEE REPLACEMENT W/O CC/MCC,"$119,622 "
469,MAJOR JOINT REPLACEMENT OR REATTACHMENT OF LOWER EXTREMITY W MCC,"$132,602 "
470,MAJOR JOINT REPLACEMENT OR REATTACHMENT OF LOWER EXTREMITY W/O MCC,"$69,316 "
471,CERVICAL SPINAL FUSION W MCC,"$248,713 "
472,CERVICAL SPINAL FUSION W CC,"$121,420 "
473,CERVICAL SPINAL FUSION W/O CC/MCC,"$90,196 "
474,AMPUTATION FOR MUSCULOSKELETAL SYS & CONN TISSUE DIS W MCC,"$186,075 "
475,AMPUTATION FOR MUSCULOSKELETAL SYS & CONN TISSUE DIS W CC,"$102,319 "
477,BIOPSIES OF MUSCULOSKELETAL SYSTEM & CONNECTIVE TISSUE W MCC,"$136,528 "
478,BIOPSIES OF MUSCULOSKELETAL SYSTEM & CONNECTIVE TISSUE W CC,"$119,137 "
480,HIP & FEMUR PROCEDURES EXCEPT MAJOR JOINT W MCC,"$175,091 "
481,HIP & FEMUR PROCEDURES EXCEPT MAJOR JOINT W CC,"$110,206 "
482,HIP & FEMUR PROCEDURES EXCEPT MAJOR JOINT W/O CC/MCC,"$82,768 "
483,MAJOR JOINT & LIMB REATTACHMENT PROC OF UPPER EXTREMITY W CC/MCC,"$92,557 "
488,KNEE PROCEDURES W/O PDX OF INFECTION W CC/MCC,"$79,103 "
492,"LOWER EXTREM & HUMER PROC EXCEPT HIP,FOOT,FEMUR W MCC","$203,493 "
493,"LOWER EXTREM & HUMER PROC EXCEPT HIP,FOOT,FEMUR W CC","$125,905 "
494,"LOWER EXTREM & HUMER PROC EXCEPT HIP,FOOT,FEMUR W/O CC/MCC","$99,993 "
496,LOCAL EXCISION & REMOVAL INT FIX DEVICES EXC HIP & FEMUR W CC,"$114,417 "
498,LOCAL EXCISION & REMOVAL INT FIX DEVICES OF HIP & FEMUR W CC/MCC,"$165,427 "
501,SOFT TISSUE PROCEDURES W CC,"$79,038 "
502,SOFT TISSUE PROCEDURES W/O CC/MCC,"$68,316 "
511,"SHOULDER,ELBOW OR FOREARM PROC,EXC MAJOR JOINT PROC W CC","$80,201 "
515,OTHER MUSCULOSKELET SYS & CONN TISS O.R. PROC W MCC,"$147,361 "
516,OTHER MUSCULOSKELET SYS & CONN TISS O.R. PROC W CC,"$91,172 "
517,OTHER MUSCULOSKELET SYS & CONN TISS O.R. PROC W/O CC/MCC,"$47,534 "
518,PERC CARDIO PROC W/O CORONARY ARTERY STENT OR AMI,"$101,894 "
519,CERVICAL SPINAL FUSION W CC,"$78,974 "
520,CERVICAL SPINAL FUSION W/O CC,"$51,705 "
535,FRACTURES OF HIP & PELVIS W MCC,"$61,610 "
536,FRACTURES OF HIP & PELVIS W/O MCC,"$31,265 "
539,OSTEOMYELITIS W MCC,"$133,605 "
540,OSTEOMYELITIS W CC,"$70,253 "
542,PATHOLOGICAL FRACTURES & MUSCULOSKELET & CONN TISS MALIG W MCC,"$89,870 "
543,PATHOLOGICAL FRACTURES & MUSCULOSKELET & CONN TISS MALIG W CC,"$56,196 "
544,PATHOLOGICAL FRACTURES & MUSCULOSKELET & CONN TISS MALIG W/O CC/MCC,"$37,251 "
545,CONNECTIVE TISSUE DISORDERS W MCC,"$141,285 "
546,CONNECTIVE TISSUE DISORDERS W CC,"$87,598 "
547,CONNECTIVE TISSUE DISORDERS W/O CC/MCC,"$53,609 "
551,MEDICAL BACK PROBLEMS W MCC,"$93,790 "
552,MEDICAL BACK PROBLEMS W/O MCC,"$40,005 "
553,BONE DISEASES & ARTHROPATHIES W MCC,"$63,339 "
554,BONE DISEASES & ARTHROPATHIES W/O MCC,"$35,718 "
556,SIGNS & SYMPTOMS OF MUSCULOSKELETAL SYSTEM & CONN TISSUE W/O MCC,"$54,492 "
558,"TENDONITIS, MYOSITIS & BURSITIS W/O MCC","$26,457 "
559,"AFTERCARE, MUSCULOSKELETAL SYSTEM & CONNECTIVE TISSUE W MCC","$78,630 "
560,"AFTERCARE, MUSCULOSKELETAL SYSTEM & CONNECTIVE TISSUE W CC","$60,436 "
561,"AFTERCARE, MUSCULOSKELETAL SYSTEM & CONNECTIVE TISSUE W/O CC/MCC","$45,533 "
562,"FX, SPRN, STRN & DISL EXCEPT FEMUR, HIP, PELVIS & THIGH W MCC","$70,670 "
563,"FX, SPRN, STRN & DISL EXCEPT FEMUR, HIP, PELVIS & THIGH W/O MCC","$27,491 "
564,OTHER MUSCULOSKELETAL SYS & CONNECTIVE TISSUE DIAGNOSES W MCC,"$73,158 "
565,OTHER MUSCULOSKELETAL SYS & CONNECTIVE TISSUE DIAGNOSES W CC,"$39,720 "
571,SKIN DEBRIDEMENT W CC,"$93,534 "
572,SKIN DEBRIDEMENT W/O CC/MCC,"$48,365 "
576,SKIN GRAFT EXC FOR SKIN ULCER OR CELLULITIS W MCC,"$132,700 "
577,SKIN GRAFT EXC FOR SKIN ULCER OR CELLULITIS W CC,"$116,490 "
578,SKIN GRAFT EXC FOR SKIN ULCER OR CELLULITIS W/O CC/MCC,"$109,571 "
579,"OTHER SKIN, SUBCUT TISS & BREAST PROC W MCC","$163,452 "
580,"OTHER SKIN, SUBCUT TISS & BREAST PROC W CC","$91,858 "
581,"OTHER SKIN, SUBCUT TISS & BREAST PROC W/O CC/MCC","$82,472 "
584,"BREAST BIOPSY, LOCAL EXCISION & OTHER BREAST PROCEDURES W CC/MCC","$131,427 "
592,SKIN ULCERS W MCC,"$40,202 "
593,SKIN ULCERS W CC,"$30,633 "
596,MAJOR SKIN DISORDERS W/O MCC,"$37,412 "
600,NON-MALIGNANT BREAST DISORDERS W CC/MCC,"$35,773 "
602,CELLULITIS W MCC,"$69,182 "
603,CELLULITIS W/O MCC,"$33,321 "
605,"TRAUMA TO THE SKIN, SUBCUT TISS & BREAST W/O MCC","$30,657 "
606,MINOR SKIN DISORDERS W MCC,"$49,445 "
607,MINOR SKIN DISORDERS W/O MCC,"$36,134 "
614,ADRENAL & PITUITARY PROCEDURES W CC/MCC,"$110,275 "
615,ADRENAL & PITUITARY PROCEDURES W/O CC/MCC,"$75,785 "
617,"AMPUTAT OF LOWER LIMB FOR ENDOCRINE,NUTRIT,& METABOL DIS W CC","$95,090 "
619,O.R. PROCEDURES FOR OBESITY W MCC,"$119,754 "
620,O.R. PROCEDURES FOR OBESITY W CC,"$49,923 "
621,O.R. PROCEDURES FOR OBESITY W/O CC/MCC,"$37,228 "
625,"THYROID, PARATHYROID & THYROGLOSSAL PROCEDURES W MCC","$106,430 "
626,"THYROID, PARATHYROID & THYROGLOSSAL PROCEDURES W CC","$70,818 "
628,"OTHER ENDOCRINE, NUTRIT & METAB O.R. PROC W MCC","$131,277 "
629,"OTHER ENDOCRINE, NUTRIT & METAB O.R. PROC W CC","$107,948 "
637,DIABETES W MCC,"$79,837 "
638,DIABETES W CC,"$39,223 "
639,DIABETES W/O CC/MCC,"$30,213 "
640,"MISC DISORDERS OF NUTRITION,METABOLISM,FLUIDS/ELECTROLYTES W MCC","$58,339 "
641,"MISC DISORDERS OF NUTRITION,METABOLISM,FLUIDS/ELECTROLYTES W/O MCC","$38,559 "
643,ENDOCRINE DISORDERS W MCC,"$73,771 "
644,ENDOCRINE DISORDERS W CC,"$43,183 "
645,ENDOCRINE DISORDERS W/O CC/MCC,"$26,669 "
652,KIDNEY TRANSPLANT,"$353,207 "
653,MAJOR BLADDER PROCEDURES W MCC,"$257,028 "
654,MAJOR BLADDER PROCEDURES W CC,"$108,722 "
655,MAJOR BLADDER PROCEDURES W/O CC/MCC,"$85,421 "
656,KIDNEY & URETER PROCEDURES FOR NEOPLASM W MCC,"$154,921 "
657,KIDNEY & URETER PROCEDURES FOR NEOPLASM W CC,"$67,746 "
658,KIDNEY & URETER PROCEDURES FOR NEOPLASM W/O CC/MCC,"$53,549 "
659,KIDNEY & URETER PROCEDURES FOR NON-NEOPLASM W MCC,"$151,646 "
660,KIDNEY & URETER PROCEDURES FOR NON-NEOPLASM W CC,"$56,026 "
661,KIDNEY & URETER PROCEDURES FOR NON-NEOPLASM W/O CC/MCC,"$23,528 "
668,TRANSURETHRAL PROCEDURES W MCC,"$147,255 "
669,TRANSURETHRAL PROCEDURES W CC,"$61,711 "
673,OTHER KIDNEY & URINARY TRACT PROCEDURES W MCC,"$228,023 "
674,OTHER KIDNEY & URINARY TRACT PROCEDURES W CC,"$104,799 "
682,RENAL FAILURE W MCC,"$65,698 "
683,RENAL FAILURE W CC,"$39,635 "
684,RENAL FAILURE W/O CC/MCC,"$29,757 "
686,KIDNEY & URINARY TRACT NEOPLASMS W MCC,"$73,122 "
687,KIDNEY & URINARY TRACT NEOPLASMS W CC,"$61,418 "
689,KIDNEY & URINARY TRACT INFECTIONS W MCC,"$55,099 "
690,KIDNEY & URINARY TRACT INFECTIONS W/O MCC,"$34,452 "
694,URINARY STONES W/O ESW LITHOTRIPSY W/O MCC,"$31,819 "
696,KIDNEY & URINARY TRACT SIGNS & SYMPTOMS W/O MCC,"$26,687 "
698,OTHER KIDNEY & URINARY TRACT DIAGNOSES W MCC,"$80,628 "
699,OTHER KIDNEY & URINARY TRACT DIAGNOSES W CC,"$68,487 "
700,OTHER KIDNEY & URINARY TRACT DIAGNOSES W/O CC/MCC,"$47,199 "
707,MAJOR MALE PELVIC PROCEDURES W CC/MCC,"$49,845 "
708,MAJOR MALE PELVIC PROCEDURES W/O CC/MCC,"$53,493 "
713,TRANSURETHRAL PROSTATECTOMY W CC/MCC,"$32,089 "
716,OTHER MALE REPRODUCTIVE SYSTEM O.R. PROC FOR MALIGNANCY W/O CC/MCC,"$53,485 "
728,INFLAMMATION OF THE MALE REPRODUCTIVE SYSTEM W/O MCC,"$40,685 "
737,UTERINE & ADNEXA PROC FOR OVARIAN OR ADNEXAL MALIGNANCY W CC,"$67,955 "
740,"UTERINE,ADNEXA PROC FOR NON-OVARIAN/ADNEXAL MALIG W CC","$87,193 "
741,"UTERINE,ADNEXA PROC FOR NON-OVARIAN/ADNEXAL MALIG W/O CC/MCC","$49,541 "
742,UTERINE & ADNEXA PROC FOR NON-MALIGNANCY W CC/MCC,"$52,813 "
743,UTERINE & ADNEXA PROC FOR NON-MALIGNANCY W/O CC/MCC,"$33,095 "
744,"D&C, CONIZATION, LAPAROSCOPY & TUBAL INTERRUPTION W CC/MCC","$97,518 "
746,"VAGINA, CERVIX & VULVA PROCEDURES W CC/MCC","$160,049 "
754,"MALIGNANCY, FEMALE REPRODUCTIVE SYSTEM W MCC","$84,265 "
755,"MALIGNANCY, FEMALE REPRODUCTIVE SYSTEM W CC","$59,667 "
760,MENSTRUAL & OTHER FEMALE REPRODUCTIVE SYSTEM DISORDERS W CC/MCC,"$41,200 "
765,CESAREAN SECTION W CC/MCC,"$34,982 "
766,CESAREAN SECTION W/O CC/MCC,"$27,936 "
767,VAGINAL DELIVERY W STERILIZATION &/OR D&C,"$41,044 "
774,VAGINAL DELIVERY W COMPLICATING DIAGNOSES,"$29,433 "
775,VAGINAL DELIVERY W/O COMPLICATING DIAGNOSES,"$19,196 "
776,POSTPARTUM & POST ABORTION DIAGNOSES W/O O.R. PROCEDURE,"$43,578 "
778,THREATENED ABORTION,"$24,222 "
781,OTHER ANTEPARTUM DIAGNOSES W MEDICAL COMPLICATIONS,"$24,442 "
782,OTHER ANTEPARTUM DIAGNOSES W/O MEDICAL COMPLICATIONS,"$15,313 "
787,NO DESCRIPTION:  CODE 787,"$31,451 "
788,NO DESCRIPTION:  CODE 788,"$25,907 "
789,"NEONATES, DIED OR TRANSFERRED TO ANOTHER ACUTE CARE FACILITY","$30,709 "
790,"EXTREME IMMATURITY OR RESPIRATORY DISTRESS SYNDROME, NEONATE","$101,094 "
791,PREMATURITY W MAJOR PROBLEMS,"$62,133 "
792,PREMATURITY W/O MAJOR PROBLEMS,"$17,301 "
793,FULL TERM NEONATE W MAJOR PROBLEMS,"$16,147 "
794,NEONATE W OTHER SIGNIFICANT PROBLEMS,"$6,850 "
795,NORMAL NEWBORN,"$5,127 "
806,NO DESCRIPTION:  CODE 806,"$21,995 "
807,NO DESCRIPTION:  CODE 807,"$20,051 "
808,MAJOR HEMATOL/IMMUN DIAG EXC SICKLE CELL CRISIS & COAGUL W MCC,"$118,103 "
809,MAJOR HEMATOL/IMMUN DIAG EXC SICKLE CELL CRISIS & COAGUL W CC,"$70,699 "
811,RED BLOOD CELL DISORDERS W MCC,"$69,682 "
812,RED BLOOD CELL DISORDERS W/O MCC,"$38,097 "
813,COAGULATION DISORDERS,"$342,564 "
814,RETICULOENDOTHELIAL & IMMUNITY DISORDERS W MCC,"$163,948 "
815,RETICULOENDOTHELIAL & IMMUNITY DISORDERS W CC,"$35,078 "
816,RETICULOENDOTHELIAL & IMMUNITY DISORDERS W/O CC/MCC,"$129,404 "
820,LYMPHOMA & LEUKEMIA W MAJOR O.R. PROCEDURE W MCC,"$504,292 "
823,LYMPHOMA & NON-ACUTE LEUKEMIA W OTHER O.R. PROC W MCC,"$360,512 "
827,MYELOPROLIF DISORD OR POORLY DIFF NEOPL W MAJ O.R. PROC W CC,"$84,343 "
829,MYELOPROLIF DISORD OR POORLY DIFF NEOPL W OTHER O.R. PROC W CC/MCC,"$180,167 "
834,ACUTE LEUKEMIA W/O MAJOR O.R. PROCEDURE W MCC,"$342,979 "
835,ACUTE LEUKEMIA W/O MAJOR O.R. PROCEDURE W CC,"$126,397 "
836,ACUTE LEUKEMIA W/O MAJOR O.R. PROCEDURE W/O CC/MCC,"$54,560 "
837,CHEMO W ACUTE LEUKEMIA AS SDX OR W HIGH DOSE CHEMO AGENT W MCC,"$180,388 "
838,CHEMO W ACUTE LEUKEMIA AS SDX W CC OR HIGH DOSE CHEMO AGENT,"$63,277 "
839,CHEMO W ACUTE LEUKEMIA AS SDX W/O CC/MCC,"$58,947 "
840,LYMPHOMA & NON-ACUTE LEUKEMIA W MCC,"$163,649 "
841,LYMPHOMA & NON-ACUTE LEUKEMIA W CC,"$103,793 "
842,LYMPHOMA & NON-ACUTE LEUKEMIA W/O CC/MCC,"$46,243 "
843,OTHER MYELOPROLIF DIS OR POORLY DIFF NEOPL DIAG W MCC,"$120,737 "
846,CHEMOTHERAPY W/O ACUTE LEUKEMIA AS SECONDARY DIAGNOSIS W MCC,"$97,029 "
847,CHEMOTHERAPY W/O ACUTE LEUKEMIA AS SECONDARY DIAGNOSIS W CC,"$70,540 "
853,INFECTIOUS & PARASITIC DISEASES W O.R. PROCEDURE W MCC,"$385,372 "
854,INFECTIOUS & PARASITIC DISEASES W O.R. PROCEDURE W CC,"$101,350 "
856,POSTOPERATIVE OR POST-TRAUMATIC INFECTIONS W O.R. PROC W MCC,"$194,781 "
857,POSTOPERATIVE OR POST-TRAUMATIC INFECTIONS W O.R. PROC W CC,"$96,815 "
858,POSTOPERATIVE OR POST-TRAUMATIC INFECTIONS W O.R. PROC W/O CC/MCC,"$67,219 "
862,POSTOPERATIVE & POST-TRAUMATIC INFECTIONS W MCC,"$95,087 "
863,POSTOPERATIVE & POST-TRAUMATIC INFECTIONS W/O MCC,"$43,340 "
864,FEVER,"$41,004 "
865,VIRAL ILLNESS W MCC,"$110,199 "
866,VIRAL ILLNESS W/O MCC,"$46,738 "
868,OTHER INFECTIOUS & PARASITIC DISEASES DIAGNOSES W CC,"$77,287 "
870,SEPTICEMIA OR SEVERE SEPSIS W MV 96+ HOURS,"$398,783 "
871,SEPTICEMIA OR SEVERE SEPSIS W/O MV 96+ HOURS W MCC,"$114,299 "
872,SEPTICEMIA OR SEVERE SEPSIS W/O MV 96+ HOURS W/O MCC,"$48,598 "
880,ACUTE ADJUSTMENT REACTION & PSYCHOSOCIAL DYSFUNCTION,"$34,272 "
881,DEPRESSIVE NEUROSES,"$15,561 "
882,NEUROSES EXCEPT DEPRESSIVE,"$15,000 "
883,DISORDERS OF PERSONALITY & IMPULSE CONTROL,"$21,426 "
884,ORGANIC DISTURBANCES & MENTAL RETARDATION,"$36,309 "
885,PSYCHOSES,"$25,887 "
894,"ALCOHOL/DRUG ABUSE OR DEPENDENCE, LEFT AMA","$23,091 "
895,ALCOHOL/DRUG ABUSE OR DEPENDENCE W REHABILITATION THERAPY,"$25,263 "
896,ALCOHOL/DRUG ABUSE OR DEPENDENCE W/O REHABILITATION THERAPY W MCC,"$54,373 "
897,ALCOHOL/DRUG ABUSE OR DEPENDENCE W/O REHABILITATION THERAPY W/O MCC,"$22,988 "
902,WOUND DEBRIDEMENTS FOR INJURIES W CC,"$101,708 "
907,OTHER O.R. PROCEDURES FOR INJURIES W MCC,"$211,895 "
908,OTHER O.R. PROCEDURES FOR INJURIES W CC,"$89,556 "
909,OTHER O.R. PROCEDURES FOR INJURIES W/O CC/MCC,"$52,075 "
915,ALLERGIC REACTIONS W MCC,"$72,333 "
916,ALLERGIC REACTIONS W/O MCC,"$29,028 "
917,POISONING & TOXIC EFFECTS OF DRUGS W MCC,"$82,269 "
918,POISONING & TOXIC EFFECTS OF DRUGS W/O MCC,"$30,630 "
919,COMPLICATIONS OF TREATMENT W MCC,"$80,336 "
920,COMPLICATIONS OF TREATMENT W CC,"$47,210 "
921,COMPLICATIONS OF TREATMENT W/O CC/MCC,"$27,432 "
940,O.R. PROC W DIAGNOSES OF OTHER CONTACT W HEALTH SERVICES W CC,"$144,761 "
941,O.R. PROC W DIAGNOSES OF OTHER CONTACT W HEALTH SERVICES W/O CC/MCC,"$78,949 "
945,REHABILITATION W CC/MCC,"$87,430 "
947,SIGNS & SYMPTOMS W MCC,"$71,475 "
948,SIGNS & SYMPTOMS W/O MCC,"$44,986 "
949,AFTERCARE W CC/MCC,"$80,071 "
951,OTHER FACTORS INFLUENCING HEALTH STATUS,"$5,869 "
974,HIV W MAJOR RELATED CONDITION W MCC,"$182,095 "
975,HIV W MAJOR RELATED CONDITION W CC,"$61,662 "
977,HIV W OR W/O OTHER RELATED CONDITION,"$73,695 "
981,EXTENSIVE O.R. PROCEDURE UNRELATED TO PRINCIPAL DIAGNOSIS W MCC,"$233,824 "
982,EXTENSIVE O.R. PROCEDURE UNRELATED TO PRINCIPAL DIAGNOSIS W CC,"$108,061 "
983,EXTENSIVE O.R. PROCEDURE UNRELATED TO PRINCIPAL DIAGNOSIS W/O CC/MCC,"$89,019 "
987,NON-EXTENSIVE O.R. PROC UNRELATED TO PRINCIPAL DIAGNOSIS W MCC,"$276,089 "
988,NON-EXTENSIVE O.R. PROC UNRELATED TO PRINCIPAL DIAGNOSIS W CC,"$93,486 "
